evidence_id,surface_kind,surface_ref,existence,binding_basis
RC-EV-001,RUNTIME,PLANNED_UNASSIGNED,ABSENT,VER-002-001 §5
RC-EV-002,RUNTIME,PLANNED_UNASSIGNED,ABSENT,VER-002-001 §5
RC-EV-003,RUNTIME,PLANNED_UNASSIGNED,ABSENT,VER-002-001 §5
RC-EV-004,RUNTIME,PLANNED_UNASSIGNED,ABSENT,VER-002-001 §5
RC-EV-005,RUNTIME,PLANNED_UNASSIGNED,ABSENT,VER-002-001 §5
RC-EV-006,RUNTIME,PLANNED_UNASSIGNED,ABSENT,VER-002-001 §5
RC-EV-007,RUNTIME,PLANNED_UNASSIGNED,ABSENT,VER-002-001 §5
RC-EV-008,RUNTIME,PLANNED_UNASSIGNED,ABSENT,VER-002-001 §5
RC-EV-009,FAULT,PLANNED_UNASSIGNED,ABSENT,VER-002-001 §5
RC-EV-010,RUNTIME,PLANNED_UNASSIGNED,ABSENT,VER-002-001 §5
RC-EV-011,RUNTIME,PLANNED_UNASSIGNED,ABSENT,VER-002-001 §5
RC-EV-012,RUNTIME,PLANNED_UNASSIGNED,ABSENT,VER-002-001 §5
RC-EV-013,RUNTIME,PLANNED_UNASSIGNED,ABSENT,VER-002-001 §5
RC-EV-014,RUNTIME,PLANNED_UNASSIGNED,ABSENT,VER-002-001 §5
RC-EV-015,RUNTIME,PLANNED_UNASSIGNED,ABSENT,VER-002-001 §5
RC-EV-016,RUNTIME,PLANNED_UNASSIGNED,ABSENT,VER-002-001 §5
RC-EV-017,RUNTIME,PLANNED_UNASSIGNED,ABSENT,VER-002-001 §5
RC-EV-018,FAULT,PLANNED_UNASSIGNED,ABSENT,VER-002-001 §5
SA-EV-001,RUNTIME,PLANNED_UNASSIGNED,ABSENT,VER-002-001 §5
SA-EV-002,RUNTIME,PLANNED_UNASSIGNED,ABSENT,VER-002-001 §5
SA-EV-003,RUNTIME,PLANNED_UNASSIGNED,ABSENT,VER-002-001 §5
SA-EV-004,RUNTIME,PLANNED_UNASSIGNED,ABSENT,VER-002-001 §5
SA-EV-005,FAULT,PLANNED_UNASSIGNED,ABSENT,VER-002-001 §5
SA-EV-005,RUNTIME,PLANNED_UNASSIGNED,ABSENT,VER-002-001 §5
SA-EV-006,RUNTIME,PLANNED_UNASSIGNED,ABSENT,VER-002-001 §5
SA-EV-007,RUNTIME,PLANNED_UNASSIGNED,ABSENT,VER-002-001 §5
SA-EV-008,RUNTIME,PLANNED_UNASSIGNED,ABSENT,VER-002-001 §5
SA-EV-009,RUNTIME,PLANNED_UNASSIGNED,ABSENT,VER-002-001 §5
SA-EV-010,RUNTIME,PLANNED_UNASSIGNED,ABSENT,VER-002-001 §5
SA-EV-011,RUNTIME,PLANNED_UNASSIGNED,ABSENT,VER-002-001 §5
SA-EV-012,RUNTIME,PLANNED_UNASSIGNED,ABSENT,VER-002-001 §5
SA-EV-013,RUNTIME,PLANNED_UNASSIGNED,ABSENT,VER-002-001 §5
SA-EV-014,RUNTIME,PLANNED_UNASSIGNED,ABSENT,VER-002-001 §5
SA-EV-015,FAULT,PLANNED_UNASSIGNED,ABSENT,VER-002-001 §5
BC-EV-001,RUNTIME,PLANNED_UNASSIGNED,ABSENT,VER-002-001 §5
BC-EV-002,RUNTIME,PLANNED_UNASSIGNED,ABSENT,VER-002-001 §5
BC-EV-004,RUNTIME,PLANNED_UNASSIGNED,ABSENT,VER-002-001 §5
BC-EV-005,RUNTIME,PLANNED_UNASSIGNED,ABSENT,VER-002-001 §5
BC-EV-006,RUNTIME,PLANNED_UNASSIGNED,ABSENT,VER-002-001 §5
BC-EV-007,RUNTIME,PLANNED_UNASSIGNED,ABSENT,VER-002-001 §5
BC-EV-008,RUNTIME,PLANNED_UNASSIGNED,ABSENT,VER-002-001 §5
BC-EV-009,RUNTIME,PLANNED_UNASSIGNED,ABSENT,VER-002-001 §5
BC-EV-010,RUNTIME,PLANNED_UNASSIGNED,ABSENT,VER-002-001 §5
BC-EV-011,RUNTIME,PLANNED_UNASSIGNED,ABSENT,VER-002-001 §5
BC-EV-012,RUNTIME,PLANNED_UNASSIGNED,ABSENT,VER-002-001 §5
BC-EV-013,RUNTIME,PLANNED_UNASSIGNED,ABSENT,VER-002-001 §5
BC-EV-014,RUNTIME,PLANNED_UNASSIGNED,ABSENT,VER-002-001 §5
BC-EV-015,RUNTIME,PLANNED_UNASSIGNED,ABSENT,VER-002-001 §5
BC-EV-016,RUNTIME,PLANNED_UNASSIGNED,ABSENT,VER-002-001 §5
BC-EV-017,RUNTIME,PLANNED_UNASSIGNED,ABSENT,VER-002-001 §5
BC-EV-018,RUNTIME,PLANNED_UNASSIGNED,ABSENT,VER-002-001 §5
BC-EV-019,RUNTIME,PLANNED_UNASSIGNED,ABSENT,VER-002-001 §5
BC-EV-020,RUNTIME,PLANNED_UNASSIGNED,ABSENT,VER-002-001 §5
BC-EV-021,FAULT,PLANNED_UNASSIGNED,ABSENT,VER-002-001 §5
BC-EV-021,RUNTIME,PLANNED_UNASSIGNED,ABSENT,VER-002-001 §5
BC-EV-022,FAULT,PLANNED_UNASSIGNED,ABSENT,VER-002-001 §5
X-EV-001,RUNTIME,PLANNED_UNASSIGNED,ABSENT,VER-002-001 §5
X-EV-002,RUNTIME,PLANNED_UNASSIGNED,ABSENT,VER-002-001 §5
X-EV-003,RUNTIME,PLANNED_UNASSIGNED,ABSENT,VER-002-001 §5
X-EV-004,RUNTIME,PLANNED_UNASSIGNED,ABSENT,VER-002-001 §5
X-EV-005,RUNTIME,PLANNED_UNASSIGNED,ABSENT,VER-002-001 §5
X-EV-006,RUNTIME,PLANNED_UNASSIGNED,ABSENT,VER-002-001 §5
X-EV-007,RUNTIME,PLANNED_UNASSIGNED,ABSENT,VER-002-001 §5
X-EV-008,RUNTIME,PLANNED_UNASSIGNED,ABSENT,VER-002-001 §5
X-EV-009,RUNTIME,PLANNED_UNASSIGNED,ABSENT,VER-002-001 §5
X-EV-010,RUNTIME,PLANNED_UNASSIGNED,ABSENT,VER-002-001 §5
X-EV-011,RUNTIME,PLANNED_UNASSIGNED,ABSENT,VER-002-001 §5
X-EV-012,RUNTIME,PLANNED_UNASSIGNED,ABSENT,VER-002-001 §5
TIME-EV-001,RUNTIME,PLANNED_UNASSIGNED,ABSENT,VER-002-001 §5
TIME-EV-002,RUNTIME,PLANNED_UNASSIGNED,ABSENT,VER-002-001 §5
TIME-EV-003,RUNTIME,PLANNED_UNASSIGNED,ABSENT,VER-002-001 §5
TIME-EV-004,RUNTIME,PLANNED_UNASSIGNED,ABSENT,VER-002-001 §5
TIME-EV-005,RUNTIME,PLANNED_UNASSIGNED,ABSENT,VER-002-001 §5
TIME-EV-006,FAULT,PLANNED_UNASSIGNED,ABSENT,VER-002-001 §5
TIME-EV-006,RUNTIME,PLANNED_UNASSIGNED,ABSENT,VER-002-001 §5
TIME-EV-007,FAULT,PLANNED_UNASSIGNED,ABSENT,VER-002-001 §5
TIME-EV-007,RUNTIME,PLANNED_UNASSIGNED,ABSENT,VER-002-001 §5
TIME-EV-008,RUNTIME,PLANNED_UNASSIGNED,ABSENT,VER-002-001 §5
TIME-EV-009,RUNTIME,PLANNED_UNASSIGNED,ABSENT,VER-002-001 §5
TIME-EV-010,RUNTIME,PLANNED_UNASSIGNED,ABSENT,VER-002-001 §5
REARM-EV-001,RUNTIME,PLANNED_UNASSIGNED,ABSENT,VER-002-001 §5
REARM-EV-002,RUNTIME,PLANNED_UNASSIGNED,ABSENT,VER-002-001 §5
REARM-EV-003,RUNTIME,PLANNED_UNASSIGNED,ABSENT,VER-002-001 §5
REARM-EV-004,RUNTIME,PLANNED_UNASSIGNED,ABSENT,VER-002-001 §5
REARM-EV-005,RUNTIME,PLANNED_UNASSIGNED,ABSENT,VER-002-001 §5
REARM-EV-006,RUNTIME,PLANNED_UNASSIGNED,ABSENT,VER-002-001 §5
REARM-EV-007,RUNTIME,PLANNED_UNASSIGNED,ABSENT,VER-002-001 §5
REARM-EV-008,RUNTIME,PLANNED_UNASSIGNED,ABSENT,VER-002-001 §5
REARM-EV-009,RUNTIME,PLANNED_UNASSIGNED,ABSENT,VER-002-001 §5
REARM-EV-010,RUNTIME,PLANNED_UNASSIGNED,ABSENT,VER-002-001 §5
REARM-EV-011,RUNTIME,PLANNED_UNASSIGNED,ABSENT,VER-002-001 §5
REARM-EV-012,FAULT,PLANNED_UNASSIGNED,ABSENT,VER-002-001 §5
STATE-EV-001,FAULT,PLANNED_UNASSIGNED,ABSENT,VER-002-001 §5
STATE-EV-001,PACKAGE,PLANNED_UNASSIGNED,ABSENT,VER-002-001 §5
STATE-EV-001,TEST,PLANNED_UNASSIGNED,ABSENT,VER-002-001 §5
STATE-EV-002,FAULT,PLANNED_UNASSIGNED,ABSENT,VER-002-001 §5
STATE-EV-002,RUNTIME,PLANNED_UNASSIGNED,ABSENT,VER-002-001 §5
STATE-EV-003,PACKAGE,PLANNED_UNASSIGNED,ABSENT,VER-002-001 §5
STATE-EV-003,RUNTIME,PLANNED_UNASSIGNED,ABSENT,VER-002-001 §5
STATE-EV-003,TEST,PLANNED_UNASSIGNED,ABSENT,VER-002-001 §5
STATE-EV-004,RUNTIME,PLANNED_UNASSIGNED,ABSENT,VER-002-001 §5
STATE-EV-005,FAULT,PLANNED_UNASSIGNED,ABSENT,VER-002-001 §5
STATE-EV-005,RUNTIME,PLANNED_UNASSIGNED,ABSENT,VER-002-001 §5
RECON-EV-001,FAULT,PLANNED_UNASSIGNED,ABSENT,VER-002-001 §5
RECON-EV-001,RUNTIME,PLANNED_UNASSIGNED,ABSENT,VER-002-001 §5
RECON-EV-002,RUNTIME,PLANNED_UNASSIGNED,ABSENT,VER-002-001 §5
RECON-EV-003,FAULT,PLANNED_UNASSIGNED,ABSENT,VER-002-001 §5
RECON-EV-003,RUNTIME,PLANNED_UNASSIGNED,ABSENT,VER-002-001 §5
RECON-EV-004,FAULT,PLANNED_UNASSIGNED,ABSENT,VER-002-001 §5
RECON-EV-004,RUNTIME,PLANNED_UNASSIGNED,ABSENT,VER-002-001 §5
RECON-EV-005,RUNTIME,PLANNED_UNASSIGNED,ABSENT,VER-002-001 §5
FD-EV-001,RUNTIME,PLANNED_UNASSIGNED,ABSENT,VER-002-001 §5
FD-EV-002,RUNTIME,PLANNED_UNASSIGNED,ABSENT,VER-002-001 §5
FD-EV-003,RUNTIME,PLANNED_UNASSIGNED,ABSENT,VER-002-001 §5
FD-EV-004,RUNTIME,PLANNED_UNASSIGNED,ABSENT,VER-002-001 §5
FD-EV-005,RUNTIME,PLANNED_UNASSIGNED,ABSENT,VER-002-001 §5
FD-EV-006,RUNTIME,PLANNED_UNASSIGNED,ABSENT,VER-002-001 §5
FD-EV-007,RUNTIME,PLANNED_UNASSIGNED,ABSENT,VER-002-001 §5
FD-EV-008,RUNTIME,PLANNED_UNASSIGNED,ABSENT,VER-002-001 §5
FD-EV-009,RUNTIME,PLANNED_UNASSIGNED,ABSENT,VER-002-001 §5
FD-EV-010,RUNTIME,PLANNED_UNASSIGNED,ABSENT,VER-002-001 §5
FD-EV-011,RUNTIME,PLANNED_UNASSIGNED,ABSENT,VER-002-001 §5
FD-EV-012,RUNTIME,PLANNED_UNASSIGNED,ABSENT,VER-002-001 §5
PR-EV-001,PACKAGE,PLANNED_UNASSIGNED,ABSENT,VER-002-001 §5
PR-EV-001,RUNTIME,PLANNED_UNASSIGNED,ABSENT,VER-002-001 §5
PR-EV-001,TEST,PLANNED_UNASSIGNED,ABSENT,VER-002-001 §5
PR-EV-002,FAULT,PLANNED_UNASSIGNED,ABSENT,VER-002-001 §5
PR-EV-002,RUNTIME,PLANNED_UNASSIGNED,ABSENT,VER-002-001 §5
PR-EV-003,RUNTIME,PLANNED_UNASSIGNED,ABSENT,VER-002-001 §5
PR-EV-004,RUNTIME,PLANNED_UNASSIGNED,ABSENT,VER-002-001 §5
PR-EV-005,PACKAGE,PLANNED_UNASSIGNED,ABSENT,VER-002-001 §5
PR-EV-005,RUNTIME,PLANNED_UNASSIGNED,ABSENT,VER-002-001 §5
PR-EV-005,TEST,PLANNED_UNASSIGNED,ABSENT,VER-002-001 §5
PR-EV-006,RUNTIME,PLANNED_UNASSIGNED,ABSENT,VER-002-001 §5
PR-EV-007,RUNTIME,PLANNED_UNASSIGNED,ABSENT,VER-002-001 §5
PR-EV-008,FAULT,PLANNED_UNASSIGNED,ABSENT,VER-002-001 §5
PR-EV-008,RUNTIME,PLANNED_UNASSIGNED,ABSENT,VER-002-001 §5
PR-EV-009,RUNTIME,PLANNED_UNASSIGNED,ABSENT,VER-002-001 §5
PR-EV-010,RUNTIME,PLANNED_UNASSIGNED,ABSENT,VER-002-001 §5
PR-EV-011,RUNTIME,PLANNED_UNASSIGNED,ABSENT,VER-002-001 §5
PR-EV-012,RUNTIME,PLANNED_UNASSIGNED,ABSENT,VER-002-001 §5
NT-EV-001,PACKAGE,PLANNED_UNASSIGNED,ABSENT,VER-002-001 §5
NT-EV-001,RUNTIME,PLANNED_UNASSIGNED,ABSENT,VER-002-001 §5
NT-EV-001,TEST,PLANNED_UNASSIGNED,ABSENT,VER-002-001 §5
NT-EV-002,PACKAGE,PLANNED_UNASSIGNED,ABSENT,VER-002-001 §5
NT-EV-002,RUNTIME,PLANNED_UNASSIGNED,ABSENT,VER-002-001 §5
NT-EV-002,TEST,PLANNED_UNASSIGNED,ABSENT,VER-002-001 §5
NT-EV-003,FAULT,PLANNED_UNASSIGNED,ABSENT,VER-002-001 §5
NT-EV-003,RUNTIME,PLANNED_UNASSIGNED,ABSENT,VER-002-001 §5
NT-EV-004,RUNTIME,PLANNED_UNASSIGNED,ABSENT,VER-002-001 §5
NT-EV-005,RUNTIME,PLANNED_UNASSIGNED,ABSENT,VER-002-001 §5
NT-EV-006,RUNTIME,PLANNED_UNASSIGNED,ABSENT,VER-002-001 §5
NT-EV-007,FAULT,PLANNED_UNASSIGNED,ABSENT,VER-002-001 §5
NT-EV-007,RUNTIME,PLANNED_UNASSIGNED,ABSENT,VER-002-001 §5
NT-EV-008,RUNTIME,PLANNED_UNASSIGNED,ABSENT,VER-002-001 §5
NT-EV-009,RUNTIME,PLANNED_UNASSIGNED,ABSENT,VER-002-001 §5
NT-EV-010,PACKAGE,PLANNED_UNASSIGNED,ABSENT,VER-002-001 §5
NT-EV-010,RUNTIME,PLANNED_UNASSIGNED,ABSENT,VER-002-001 §5
NT-EV-010,TEST,PLANNED_UNASSIGNED,ABSENT,VER-002-001 §5
NT-EV-011,RUNTIME,PLANNED_UNASSIGNED,ABSENT,VER-002-001 §5
NT-EV-012,RUNTIME,PLANNED_UNASSIGNED,ABSENT,VER-002-001 §5
RCLP-EV-001,PACKAGE,PLANNED_UNASSIGNED,ABSENT,VER-002-001 §5
RCLP-EV-001,RUNTIME,PLANNED_UNASSIGNED,ABSENT,VER-002-001 §5
RCLP-EV-001,TEST,PLANNED_UNASSIGNED,ABSENT,VER-002-001 §5
RCLP-EV-002,RUNTIME,PLANNED_UNASSIGNED,ABSENT,VER-002-001 §5
RCLP-EV-003,RUNTIME,PLANNED_UNASSIGNED,ABSENT,VER-002-001 §5
RCLP-EV-004,RUNTIME,PLANNED_UNASSIGNED,ABSENT,VER-002-001 §5
RCLP-EV-005,PACKAGE,PLANNED_UNASSIGNED,ABSENT,VER-002-001 §5
RCLP-EV-005,RUNTIME,PLANNED_UNASSIGNED,ABSENT,VER-002-001 §5
RCLP-EV-005,TEST,PLANNED_UNASSIGNED,ABSENT,VER-002-001 §5
RCLP-EV-006,PACKAGE,PLANNED_UNASSIGNED,ABSENT,VER-002-001 §5
RCLP-EV-006,RUNTIME,PLANNED_UNASSIGNED,ABSENT,VER-002-001 §5
RCLP-EV-006,TEST,PLANNED_UNASSIGNED,ABSENT,VER-002-001 §5
RCLP-EV-007,RUNTIME,PLANNED_UNASSIGNED,ABSENT,VER-002-001 §5
RCLP-EV-008,FAULT,PLANNED_UNASSIGNED,ABSENT,VER-002-001 §5
RCLP-EV-008,RUNTIME,PLANNED_UNASSIGNED,ABSENT,VER-002-001 §5
RCLP-EV-009,RUNTIME,PLANNED_UNASSIGNED,ABSENT,VER-002-001 §5
RCLP-EV-010,FAULT,PLANNED_UNASSIGNED,ABSENT,VER-002-001 §5
RCLP-EV-010,RUNTIME,PLANNED_UNASSIGNED,ABSENT,VER-002-001 §5
RCLP-EV-011,RUNTIME,PLANNED_UNASSIGNED,ABSENT,VER-002-001 §5
RCLP-EV-012,RUNTIME,PLANNED_UNASSIGNED,ABSENT,VER-002-001 §5
EGRESS-EV-001,FAULT,PLANNED_UNASSIGNED,ABSENT,VER-002-001 §5
EGRESS-EV-001,RUNTIME,PLANNED_UNASSIGNED,ABSENT,VER-002-001 §5
EGRESS-EV-002,RUNTIME,PLANNED_UNASSIGNED,ABSENT,VER-002-001 §5
EGRESS-EV-003,RUNTIME,PLANNED_UNASSIGNED,ABSENT,VER-002-001 §5
EGRESS-EV-004,PACKAGE,PLANNED_UNASSIGNED,ABSENT,VER-002-001 §5
EGRESS-EV-004,RUNTIME,PLANNED_UNASSIGNED,ABSENT,VER-002-001 §5
EGRESS-EV-004,TEST,PLANNED_UNASSIGNED,ABSENT,VER-002-001 §5
EGRESS-EV-005,PACKAGE,PLANNED_UNASSIGNED,ABSENT,VER-002-001 §5
EGRESS-EV-005,RUNTIME,PLANNED_UNASSIGNED,ABSENT,VER-002-001 §5
EGRESS-EV-005,TEST,PLANNED_UNASSIGNED,ABSENT,VER-002-001 §5
EGRESS-EV-006,RUNTIME,PLANNED_UNASSIGNED,ABSENT,VER-002-001 §5
EGRESS-EV-007,RUNTIME,PLANNED_UNASSIGNED,ABSENT,VER-002-001 §5
EGRESS-EV-008,RUNTIME,PLANNED_UNASSIGNED,ABSENT,VER-002-001 §5
EGRESS-EV-009,RUNTIME,PLANNED_UNASSIGNED,ABSENT,VER-002-001 §5
EGRESS-EV-010,RUNTIME,PLANNED_UNASSIGNED,ABSENT,VER-002-001 §5
EGRESS-EV-011,RUNTIME,PLANNED_UNASSIGNED,ABSENT,VER-002-001 §5
EGRESS-EV-012,RUNTIME,PLANNED_UNASSIGNED,ABSENT,VER-002-001 §5
SPG-EV-001,PACKAGE,PLANNED_UNASSIGNED,ABSENT,VER-002-001 §5
SPG-EV-001,RUNTIME,PLANNED_UNASSIGNED,ABSENT,VER-002-001 §5
SPG-EV-001,TEST,PLANNED_UNASSIGNED,ABSENT,VER-002-001 §5
SPG-EV-002,FAULT,PLANNED_UNASSIGNED,ABSENT,VER-002-001 §5
SPG-EV-002,PACKAGE,PLANNED_UNASSIGNED,ABSENT,VER-002-001 §5
SPG-EV-002,TEST,PLANNED_UNASSIGNED,ABSENT,VER-002-001 §5
SPG-EV-003,FAULT,PLANNED_UNASSIGNED,ABSENT,VER-002-001 §5
SPG-EV-003,PACKAGE,PLANNED_UNASSIGNED,ABSENT,VER-002-001 §5
SPG-EV-003,TEST,PLANNED_UNASSIGNED,ABSENT,VER-002-001 §5
SPG-EV-004,PACKAGE,PLANNED_UNASSIGNED,ABSENT,VER-002-001 §5
SPG-EV-004,RUNTIME,PLANNED_UNASSIGNED,ABSENT,VER-002-001 §5
SPG-EV-004,TEST,PLANNED_UNASSIGNED,ABSENT,VER-002-001 §5
SPG-EV-005,PACKAGE,PLANNED_UNASSIGNED,ABSENT,VER-002-001 §5
SPG-EV-005,RUNTIME,PLANNED_UNASSIGNED,ABSENT,VER-002-001 §5
SPG-EV-005,TEST,PLANNED_UNASSIGNED,ABSENT,VER-002-001 §5
SPG-EV-006,PACKAGE,PLANNED_UNASSIGNED,ABSENT,VER-002-001 §5
SPG-EV-006,RUNTIME,PLANNED_UNASSIGNED,ABSENT,VER-002-001 §5
SPG-EV-006,TEST,PLANNED_UNASSIGNED,ABSENT,VER-002-001 §5
SPG-EV-007,FAULT,PLANNED_UNASSIGNED,ABSENT,VER-002-001 §5
SPG-EV-007,RUNTIME,PLANNED_UNASSIGNED,ABSENT,VER-002-001 §5
SPG-EV-008,PACKAGE,PLANNED_UNASSIGNED,ABSENT,VER-002-001 §5
SPG-EV-008,RUNTIME,PLANNED_UNASSIGNED,ABSENT,VER-002-001 §5
SPG-EV-008,TEST,PLANNED_UNASSIGNED,ABSENT,VER-002-001 §5
SPG-EV-009,FAULT,PLANNED_UNASSIGNED,ABSENT,VER-002-001 §5
SPG-EV-009,RUNTIME,PLANNED_UNASSIGNED,ABSENT,VER-002-001 §5
SPG-EV-010,FAULT,PLANNED_UNASSIGNED,ABSENT,VER-002-001 §5
SPG-EV-010,RUNTIME,PLANNED_UNASSIGNED,ABSENT,VER-002-001 §5
SPG-EV-011,FAULT,PLANNED_UNASSIGNED,ABSENT,VER-002-001 §5
SPG-EV-011,RUNTIME,PLANNED_UNASSIGNED,ABSENT,VER-002-001 §5
SPG-EV-012,PACKAGE,PLANNED_UNASSIGNED,ABSENT,VER-002-001 §5
SPG-EV-012,RUNTIME,PLANNED_UNASSIGNED,ABSENT,VER-002-001 §5
SPG-EV-012,TEST,PLANNED_UNASSIGNED,ABSENT,VER-002-001 §5
HAG-EV-001,PACKAGE,PLANNED_UNASSIGNED,ABSENT,VER-002-001 §5
HAG-EV-001,RUNTIME,PLANNED_UNASSIGNED,ABSENT,VER-002-001 §5
HAG-EV-001,TEST,PLANNED_UNASSIGNED,ABSENT,VER-002-001 §5
HAG-EV-002,PACKAGE,PLANNED_UNASSIGNED,ABSENT,VER-002-001 §5
HAG-EV-002,RUNTIME,PLANNED_UNASSIGNED,ABSENT,VER-002-001 §5
HAG-EV-002,TEST,PLANNED_UNASSIGNED,ABSENT,VER-002-001 §5
HAG-EV-003,FAULT,PLANNED_UNASSIGNED,ABSENT,VER-002-001 §5
HAG-EV-003,RUNTIME,PLANNED_UNASSIGNED,ABSENT,VER-002-001 §5
HAG-EV-004,PACKAGE,PLANNED_UNASSIGNED,ABSENT,VER-002-001 §5
HAG-EV-004,RUNTIME,PLANNED_UNASSIGNED,ABSENT,VER-002-001 §5
HAG-EV-004,TEST,PLANNED_UNASSIGNED,ABSENT,VER-002-001 §5
HAG-EV-005,FAULT,PLANNED_UNASSIGNED,ABSENT,VER-002-001 §5
HAG-EV-005,RUNTIME,PLANNED_UNASSIGNED,ABSENT,VER-002-001 §5
HAG-EV-006,PACKAGE,PLANNED_UNASSIGNED,ABSENT,VER-002-001 §5
HAG-EV-006,RUNTIME,PLANNED_UNASSIGNED,ABSENT,VER-002-001 §5
HAG-EV-006,TEST,PLANNED_UNASSIGNED,ABSENT,VER-002-001 §5
HAG-EV-007,PACKAGE,PLANNED_UNASSIGNED,ABSENT,VER-002-001 §5
HAG-EV-007,RUNTIME,PLANNED_UNASSIGNED,ABSENT,VER-002-001 §5
HAG-EV-007,TEST,PLANNED_UNASSIGNED,ABSENT,VER-002-001 §5
HAG-EV-008,FAULT,PLANNED_UNASSIGNED,ABSENT,VER-002-001 §5
HAG-EV-008,RUNTIME,PLANNED_UNASSIGNED,ABSENT,VER-002-001 §5
HAG-EV-009,FAULT,PLANNED_UNASSIGNED,ABSENT,VER-002-001 §5
HAG-EV-009,RUNTIME,PLANNED_UNASSIGNED,ABSENT,VER-002-001 §5
HAG-EV-010,PACKAGE,PLANNED_UNASSIGNED,ABSENT,VER-002-001 §5
HAG-EV-010,RUNTIME,PLANNED_UNASSIGNED,ABSENT,VER-002-001 §5
HAG-EV-010,TEST,PLANNED_UNASSIGNED,ABSENT,VER-002-001 §5
HAG-EV-011,PACKAGE,PLANNED_UNASSIGNED,ABSENT,VER-002-001 §5
HAG-EV-011,RUNTIME,PLANNED_UNASSIGNED,ABSENT,VER-002-001 §5
HAG-EV-011,TEST,PLANNED_UNASSIGNED,ABSENT,VER-002-001 §5
HAG-EV-012,PACKAGE,PLANNED_UNASSIGNED,ABSENT,VER-002-001 §5
HAG-EV-012,RUNTIME,PLANNED_UNASSIGNED,ABSENT,VER-002-001 §5
HAG-EV-012,TEST,PLANNED_UNASSIGNED,ABSENT,VER-002-001 §5
ERI-EV-001,FAULT,PLANNED_UNASSIGNED,ABSENT,VER-002-001 §5
ERI-EV-001,RUNTIME,PLANNED_UNASSIGNED,ABSENT,VER-002-001 §5
ERI-EV-002,FAULT,PLANNED_UNASSIGNED,ABSENT,VER-002-001 §5
ERI-EV-002,RUNTIME,PLANNED_UNASSIGNED,ABSENT,VER-002-001 §5
ERI-EV-003,FAULT,PLANNED_UNASSIGNED,ABSENT,VER-002-001 §5
ERI-EV-003,RUNTIME,PLANNED_UNASSIGNED,ABSENT,VER-002-001 §5
ERI-EV-004,PACKAGE,PLANNED_UNASSIGNED,ABSENT,VER-002-001 §5
ERI-EV-004,RUNTIME,PLANNED_UNASSIGNED,ABSENT,VER-002-001 §5
ERI-EV-004,TEST,PLANNED_UNASSIGNED,ABSENT,VER-002-001 §5
ERI-EV-005,FAULT,PLANNED_UNASSIGNED,ABSENT,VER-002-001 §5
ERI-EV-005,RUNTIME,PLANNED_UNASSIGNED,ABSENT,VER-002-001 §5
ERI-EV-006,PACKAGE,PLANNED_UNASSIGNED,ABSENT,VER-002-001 §5
ERI-EV-006,RUNTIME,PLANNED_UNASSIGNED,ABSENT,VER-002-001 §5
ERI-EV-006,TEST,PLANNED_UNASSIGNED,ABSENT,VER-002-001 §5
ERI-EV-007,PACKAGE,PLANNED_UNASSIGNED,ABSENT,VER-002-001 §5
ERI-EV-007,RUNTIME,PLANNED_UNASSIGNED,ABSENT,VER-002-001 §5
ERI-EV-007,TEST,PLANNED_UNASSIGNED,ABSENT,VER-002-001 §5
ERI-EV-008,PACKAGE,PLANNED_UNASSIGNED,ABSENT,VER-002-001 §5
ERI-EV-008,RUNTIME,PLANNED_UNASSIGNED,ABSENT,VER-002-001 §5
ERI-EV-008,TEST,PLANNED_UNASSIGNED,ABSENT,VER-002-001 §5
ERI-EV-009,FAULT,PLANNED_UNASSIGNED,ABSENT,VER-002-001 §5
ERI-EV-009,RUNTIME,PLANNED_UNASSIGNED,ABSENT,VER-002-001 §5
ERI-EV-010,PACKAGE,PLANNED_UNASSIGNED,ABSENT,VER-002-001 §5
ERI-EV-010,RUNTIME,PLANNED_UNASSIGNED,ABSENT,VER-002-001 §5
ERI-EV-010,TEST,PLANNED_UNASSIGNED,ABSENT,VER-002-001 §5
ERI-EV-011,FAULT,PLANNED_UNASSIGNED,ABSENT,VER-002-001 §5
ERI-EV-011,RUNTIME,PLANNED_UNASSIGNED,ABSENT,VER-002-001 §5
ERI-EV-012,FAULT,PLANNED_UNASSIGNED,ABSENT,VER-002-001 §5
ERI-EV-012,RUNTIME,PLANNED_UNASSIGNED,ABSENT,VER-002-001 §5
SBR-EV-001,FAULT,PLANNED_UNASSIGNED,ABSENT,VER-002-001 §5
SBR-EV-001,RUNTIME,PLANNED_UNASSIGNED,ABSENT,VER-002-001 §5
SBR-EV-002,FAULT,PLANNED_UNASSIGNED,ABSENT,VER-002-001 §5
SBR-EV-002,RUNTIME,PLANNED_UNASSIGNED,ABSENT,VER-002-001 §5
SBR-EV-003,FAULT,PLANNED_UNASSIGNED,ABSENT,VER-002-001 §5
SBR-EV-003,RUNTIME,PLANNED_UNASSIGNED,ABSENT,VER-002-001 §5
SBR-EV-004,PACKAGE,PLANNED_UNASSIGNED,ABSENT,VER-002-001 §5
SBR-EV-004,RUNTIME,PLANNED_UNASSIGNED,ABSENT,VER-002-001 §5
SBR-EV-004,TEST,PLANNED_UNASSIGNED,ABSENT,VER-002-001 §5
SBR-EV-005,FAULT,PLANNED_UNASSIGNED,ABSENT,VER-002-001 §5
SBR-EV-005,RUNTIME,PLANNED_UNASSIGNED,ABSENT,VER-002-001 §5
SBR-EV-006,PACKAGE,PLANNED_UNASSIGNED,ABSENT,VER-002-001 §5
SBR-EV-006,RUNTIME,PLANNED_UNASSIGNED,ABSENT,VER-002-001 §5
SBR-EV-006,TEST,PLANNED_UNASSIGNED,ABSENT,VER-002-001 §5
SBR-EV-007,PACKAGE,PLANNED_UNASSIGNED,ABSENT,VER-002-001 §5
SBR-EV-007,RUNTIME,PLANNED_UNASSIGNED,ABSENT,VER-002-001 §5
SBR-EV-007,TEST,PLANNED_UNASSIGNED,ABSENT,VER-002-001 §5
SBR-EV-008,FAULT,PLANNED_UNASSIGNED,ABSENT,VER-002-001 §5
SBR-EV-008,RUNTIME,PLANNED_UNASSIGNED,ABSENT,VER-002-001 §5
SBR-EV-009,PACKAGE,PLANNED_UNASSIGNED,ABSENT,VER-002-001 §5
SBR-EV-009,RUNTIME,PLANNED_UNASSIGNED,ABSENT,VER-002-001 §5
SBR-EV-009,TEST,PLANNED_UNASSIGNED,ABSENT,VER-002-001 §5
SBR-EV-010,FAULT,PLANNED_UNASSIGNED,ABSENT,VER-002-001 §5
SBR-EV-010,RUNTIME,PLANNED_UNASSIGNED,ABSENT,VER-002-001 §5
SBR-EV-011,FAULT,PLANNED_UNASSIGNED,ABSENT,VER-002-001 §5
SBR-EV-011,RUNTIME,PLANNED_UNASSIGNED,ABSENT,VER-002-001 §5
SBR-EV-012,PACKAGE,PLANNED_UNASSIGNED,ABSENT,VER-002-001 §5
SBR-EV-012,RUNTIME,PLANNED_UNASSIGNED,ABSENT,VER-002-001 §5
SBR-EV-012,TEST,PLANNED_UNASSIGNED,ABSENT,VER-002-001 §5
CII-EV-001,PACKAGE,PLANNED_UNASSIGNED,ABSENT,VER-002-001 §5
CII-EV-001,RUNTIME,PLANNED_UNASSIGNED,ABSENT,VER-002-001 §5
CII-EV-001,TEST,PLANNED_UNASSIGNED,ABSENT,VER-002-001 §5
CII-EV-002,FAULT,PLANNED_UNASSIGNED,ABSENT,VER-002-001 §5
CII-EV-002,RUNTIME,PLANNED_UNASSIGNED,ABSENT,VER-002-001 §5
CII-EV-003,PACKAGE,PLANNED_UNASSIGNED,ABSENT,VER-002-001 §5
CII-EV-003,RUNTIME,PLANNED_UNASSIGNED,ABSENT,VER-002-001 §5
CII-EV-003,TEST,PLANNED_UNASSIGNED,ABSENT,VER-002-001 §5
CII-EV-004,PACKAGE,PLANNED_UNASSIGNED,ABSENT,VER-002-001 §5
CII-EV-004,RUNTIME,PLANNED_UNASSIGNED,ABSENT,VER-002-001 §5
CII-EV-004,TEST,PLANNED_UNASSIGNED,ABSENT,VER-002-001 §5
CII-EV-005,PACKAGE,PLANNED_UNASSIGNED,ABSENT,VER-002-001 §5
CII-EV-005,RUNTIME,PLANNED_UNASSIGNED,ABSENT,VER-002-001 §5
CII-EV-005,TEST,PLANNED_UNASSIGNED,ABSENT,VER-002-001 §5
CII-EV-006,PACKAGE,PLANNED_UNASSIGNED,ABSENT,VER-002-001 §5
CII-EV-006,RUNTIME,PLANNED_UNASSIGNED,ABSENT,VER-002-001 §5
CII-EV-006,TEST,PLANNED_UNASSIGNED,ABSENT,VER-002-001 §5
CII-EV-007,PACKAGE,PLANNED_UNASSIGNED,ABSENT,VER-002-001 §5
CII-EV-007,RUNTIME,PLANNED_UNASSIGNED,ABSENT,VER-002-001 §5
CII-EV-007,TEST,PLANNED_UNASSIGNED,ABSENT,VER-002-001 §5
CII-EV-008,PACKAGE,PLANNED_UNASSIGNED,ABSENT,VER-002-001 §5
CII-EV-008,RUNTIME,PLANNED_UNASSIGNED,ABSENT,VER-002-001 §5
CII-EV-008,TEST,PLANNED_UNASSIGNED,ABSENT,VER-002-001 §5
CII-EV-009,FAULT,PLANNED_UNASSIGNED,ABSENT,VER-002-001 §5
CII-EV-009,RUNTIME,PLANNED_UNASSIGNED,ABSENT,VER-002-001 §5
CII-EV-010,PACKAGE,PLANNED_UNASSIGNED,ABSENT,VER-002-001 §5
CII-EV-010,RUNTIME,PLANNED_UNASSIGNED,ABSENT,VER-002-001 §5
CII-EV-010,TEST,PLANNED_UNASSIGNED,ABSENT,VER-002-001 §5
CII-EV-011,FAULT,PLANNED_UNASSIGNED,ABSENT,VER-002-001 §5
CII-EV-011,RUNTIME,PLANNED_UNASSIGNED,ABSENT,VER-002-001 §5
CII-EV-012,PACKAGE,PLANNED_UNASSIGNED,ABSENT,VER-002-001 §5
CII-EV-012,RUNTIME,PLANNED_UNASSIGNED,ABSENT,VER-002-001 §5
CII-EV-012,TEST,PLANNED_UNASSIGNED,ABSENT,VER-002-001 §5
VTG-EV-001,PACKAGE,PLANNED_UNASSIGNED,ABSENT,VER-002-001 §5
VTG-EV-001,RUNTIME,PLANNED_UNASSIGNED,ABSENT,VER-002-001 §5
VTG-EV-001,TEST,PLANNED_UNASSIGNED,ABSENT,VER-002-001 §5
VTG-EV-002,FAULT,PLANNED_UNASSIGNED,ABSENT,VER-002-001 §5
VTG-EV-002,RUNTIME,PLANNED_UNASSIGNED,ABSENT,VER-002-001 §5
VTG-EV-003,PACKAGE,PLANNED_UNASSIGNED,ABSENT,VER-002-001 §5
VTG-EV-003,RUNTIME,PLANNED_UNASSIGNED,ABSENT,VER-002-001 §5
VTG-EV-003,TEST,PLANNED_UNASSIGNED,ABSENT,VER-002-001 §5
VTG-EV-004,PACKAGE,PLANNED_UNASSIGNED,ABSENT,VER-002-001 §5
VTG-EV-004,RUNTIME,PLANNED_UNASSIGNED,ABSENT,VER-002-001 §5
VTG-EV-004,TEST,PLANNED_UNASSIGNED,ABSENT,VER-002-001 §5
VTG-EV-005,FAULT,PLANNED_UNASSIGNED,ABSENT,VER-002-001 §5
VTG-EV-005,RUNTIME,PLANNED_UNASSIGNED,ABSENT,VER-002-001 §5
VTG-EV-006,PACKAGE,PLANNED_UNASSIGNED,ABSENT,VER-002-001 §5
VTG-EV-006,RUNTIME,PLANNED_UNASSIGNED,ABSENT,VER-002-001 §5
VTG-EV-006,TEST,PLANNED_UNASSIGNED,ABSENT,VER-002-001 §5
VTG-EV-007,FAULT,PLANNED_UNASSIGNED,ABSENT,VER-002-001 §5
VTG-EV-007,RUNTIME,PLANNED_UNASSIGNED,ABSENT,VER-002-001 §5
VTG-EV-008,FAULT,PLANNED_UNASSIGNED,ABSENT,VER-002-001 §5
VTG-EV-008,RUNTIME,PLANNED_UNASSIGNED,ABSENT,VER-002-001 §5
VTG-EV-009,FAULT,PLANNED_UNASSIGNED,ABSENT,VER-002-001 §5
VTG-EV-009,RUNTIME,PLANNED_UNASSIGNED,ABSENT,VER-002-001 §5
VTG-EV-010,FAULT,PLANNED_UNASSIGNED,ABSENT,VER-002-001 §5
VTG-EV-010,RUNTIME,PLANNED_UNASSIGNED,ABSENT,VER-002-001 §5
VTG-EV-011,FAULT,PLANNED_UNASSIGNED,ABSENT,VER-002-001 §5
VTG-EV-011,RUNTIME,PLANNED_UNASSIGNED,ABSENT,VER-002-001 §5
VTG-EV-012,FAULT,PLANNED_UNASSIGNED,ABSENT,VER-002-001 §5
VTG-EV-012,RUNTIME,PLANNED_UNASSIGNED,ABSENT,VER-002-001 §5
IOC-EV-001,PACKAGE,PLANNED_UNASSIGNED,ABSENT,VER-002-001 §5
IOC-EV-001,RUNTIME,PLANNED_UNASSIGNED,ABSENT,VER-002-001 §5
IOC-EV-001,TEST,PLANNED_UNASSIGNED,ABSENT,VER-002-001 §5
IOC-EV-002,PACKAGE,PLANNED_UNASSIGNED,ABSENT,VER-002-001 §5
IOC-EV-002,RUNTIME,PLANNED_UNASSIGNED,ABSENT,VER-002-001 §5
IOC-EV-002,TEST,PLANNED_UNASSIGNED,ABSENT,VER-002-001 §5
IOC-EV-003,PACKAGE,PLANNED_UNASSIGNED,ABSENT,VER-002-001 §5
IOC-EV-003,RUNTIME,PLANNED_UNASSIGNED,ABSENT,VER-002-001 §5
IOC-EV-003,TEST,PLANNED_UNASSIGNED,ABSENT,VER-002-001 §5
IOC-EV-004,PACKAGE,PLANNED_UNASSIGNED,ABSENT,VER-002-001 §5
IOC-EV-004,RUNTIME,PLANNED_UNASSIGNED,ABSENT,VER-002-001 §5
IOC-EV-004,TEST,PLANNED_UNASSIGNED,ABSENT,VER-002-001 §5
IOC-EV-005,PACKAGE,PLANNED_UNASSIGNED,ABSENT,VER-002-001 §5
IOC-EV-005,RUNTIME,PLANNED_UNASSIGNED,ABSENT,VER-002-001 §5
IOC-EV-005,TEST,PLANNED_UNASSIGNED,ABSENT,VER-002-001 §5
IOC-EV-006,PACKAGE,PLANNED_UNASSIGNED,ABSENT,VER-002-001 §5
IOC-EV-006,RUNTIME,PLANNED_UNASSIGNED,ABSENT,VER-002-001 §5
IOC-EV-006,TEST,PLANNED_UNASSIGNED,ABSENT,VER-002-001 §5
IOC-EV-007,FAULT,PLANNED_UNASSIGNED,ABSENT,VER-002-001 §5
IOC-EV-007,RUNTIME,PLANNED_UNASSIGNED,ABSENT,VER-002-001 §5
IOC-EV-008,FAULT,PLANNED_UNASSIGNED,ABSENT,VER-002-001 §5
IOC-EV-008,RUNTIME,PLANNED_UNASSIGNED,ABSENT,VER-002-001 §5
IOC-EV-009,FAULT,PLANNED_UNASSIGNED,ABSENT,VER-002-001 §5
IOC-EV-009,RUNTIME,PLANNED_UNASSIGNED,ABSENT,VER-002-001 §5
IOC-EV-010,FAULT,PLANNED_UNASSIGNED,ABSENT,VER-002-001 §5
IOC-EV-010,RUNTIME,PLANNED_UNASSIGNED,ABSENT,VER-002-001 §5
IOC-EV-011,FAULT,PLANNED_UNASSIGNED,ABSENT,VER-002-001 §5
IOC-EV-011,RUNTIME,PLANNED_UNASSIGNED,ABSENT,VER-002-001 §5
IOC-EV-012,FAULT,PLANNED_UNASSIGNED,ABSENT,VER-002-001 §5
IOC-EV-012,RUNTIME,PLANNED_UNASSIGNED,ABSENT,VER-002-001 §5
ARE-EV-001,PACKAGE,PLANNED_UNASSIGNED,ABSENT,VER-002-001 §5
ARE-EV-001,RUNTIME,PLANNED_UNASSIGNED,ABSENT,VER-002-001 §5
ARE-EV-001,TEST,PLANNED_UNASSIGNED,ABSENT,VER-002-001 §5
ARE-EV-002,PACKAGE,PLANNED_UNASSIGNED,ABSENT,VER-002-001 §5
ARE-EV-002,RUNTIME,PLANNED_UNASSIGNED,ABSENT,VER-002-001 §5
ARE-EV-002,TEST,PLANNED_UNASSIGNED,ABSENT,VER-002-001 §5
ARE-EV-003,PACKAGE,PLANNED_UNASSIGNED,ABSENT,VER-002-001 §5
ARE-EV-003,RUNTIME,PLANNED_UNASSIGNED,ABSENT,VER-002-001 §5
ARE-EV-003,TEST,PLANNED_UNASSIGNED,ABSENT,VER-002-001 §5
ARE-EV-004,PACKAGE,PLANNED_UNASSIGNED,ABSENT,VER-002-001 §5
ARE-EV-004,RUNTIME,PLANNED_UNASSIGNED,ABSENT,VER-002-001 §5
ARE-EV-004,TEST,PLANNED_UNASSIGNED,ABSENT,VER-002-001 §5
ARE-EV-005,FAULT,PLANNED_UNASSIGNED,ABSENT,VER-002-001 §5
ARE-EV-005,RUNTIME,PLANNED_UNASSIGNED,ABSENT,VER-002-001 §5
ARE-EV-006,PACKAGE,PLANNED_UNASSIGNED,ABSENT,VER-002-001 §5
ARE-EV-006,RUNTIME,PLANNED_UNASSIGNED,ABSENT,VER-002-001 §5
ARE-EV-006,TEST,PLANNED_UNASSIGNED,ABSENT,VER-002-001 §5
ARE-EV-007,FAULT,PLANNED_UNASSIGNED,ABSENT,VER-002-001 §5
ARE-EV-007,RUNTIME,PLANNED_UNASSIGNED,ABSENT,VER-002-001 §5
ARE-EV-008,FAULT,PLANNED_UNASSIGNED,ABSENT,VER-002-001 §5
ARE-EV-008,RUNTIME,PLANNED_UNASSIGNED,ABSENT,VER-002-001 §5
ARE-EV-009,FAULT,PLANNED_UNASSIGNED,ABSENT,VER-002-001 §5
ARE-EV-009,RUNTIME,PLANNED_UNASSIGNED,ABSENT,VER-002-001 §5
ARE-EV-010,FAULT,PLANNED_UNASSIGNED,ABSENT,VER-002-001 §5
ARE-EV-010,RUNTIME,PLANNED_UNASSIGNED,ABSENT,VER-002-001 §5
ARE-EV-011,FAULT,PLANNED_UNASSIGNED,ABSENT,VER-002-001 §5
ARE-EV-011,RUNTIME,PLANNED_UNASSIGNED,ABSENT,VER-002-001 §5
ARE-EV-012,FAULT,PLANNED_UNASSIGNED,ABSENT,VER-002-001 §5
ARE-EV-012,RUNTIME,PLANNED_UNASSIGNED,ABSENT,VER-002-001 §5
AFG-EV-001,PACKAGE,PLANNED_UNASSIGNED,ABSENT,VER-002-001 §5
AFG-EV-001,RUNTIME,PLANNED_UNASSIGNED,ABSENT,VER-002-001 §5
AFG-EV-001,TEST,PLANNED_UNASSIGNED,ABSENT,VER-002-001 §5
AFG-EV-002,PACKAGE,PLANNED_UNASSIGNED,ABSENT,VER-002-001 §5
AFG-EV-002,RUNTIME,PLANNED_UNASSIGNED,ABSENT,VER-002-001 §5
AFG-EV-002,TEST,PLANNED_UNASSIGNED,ABSENT,VER-002-001 §5
AFG-EV-003,FAULT,PLANNED_UNASSIGNED,ABSENT,VER-002-001 §5
AFG-EV-003,RUNTIME,PLANNED_UNASSIGNED,ABSENT,VER-002-001 §5
AFG-EV-004,PACKAGE,PLANNED_UNASSIGNED,ABSENT,VER-002-001 §5
AFG-EV-004,RUNTIME,PLANNED_UNASSIGNED,ABSENT,VER-002-001 §5
AFG-EV-004,TEST,PLANNED_UNASSIGNED,ABSENT,VER-002-001 §5
AFG-EV-005,FAULT,PLANNED_UNASSIGNED,ABSENT,VER-002-001 §5
AFG-EV-005,RUNTIME,PLANNED_UNASSIGNED,ABSENT,VER-002-001 §5
AFG-EV-006,FAULT,PLANNED_UNASSIGNED,ABSENT,VER-002-001 §5
AFG-EV-006,RUNTIME,PLANNED_UNASSIGNED,ABSENT,VER-002-001 §5
AFG-EV-007,PACKAGE,PLANNED_UNASSIGNED,ABSENT,VER-002-001 §5
AFG-EV-007,RUNTIME,PLANNED_UNASSIGNED,ABSENT,VER-002-001 §5
AFG-EV-007,TEST,PLANNED_UNASSIGNED,ABSENT,VER-002-001 §5
AFG-EV-008,PACKAGE,PLANNED_UNASSIGNED,ABSENT,VER-002-001 §5
AFG-EV-008,RUNTIME,PLANNED_UNASSIGNED,ABSENT,VER-002-001 §5
AFG-EV-008,TEST,PLANNED_UNASSIGNED,ABSENT,VER-002-001 §5
AFG-EV-009,FAULT,PLANNED_UNASSIGNED,ABSENT,VER-002-001 §5
AFG-EV-009,RUNTIME,PLANNED_UNASSIGNED,ABSENT,VER-002-001 §5
AFG-EV-010,FAULT,PLANNED_UNASSIGNED,ABSENT,VER-002-001 §5
AFG-EV-010,RUNTIME,PLANNED_UNASSIGNED,ABSENT,VER-002-001 §5
AFG-EV-011,FAULT,PLANNED_UNASSIGNED,ABSENT,VER-002-001 §5
AFG-EV-011,RUNTIME,PLANNED_UNASSIGNED,ABSENT,VER-002-001 §5
AFG-EV-012,FAULT,PLANNED_UNASSIGNED,ABSENT,VER-002-001 §5
AFG-EV-012,RUNTIME,PLANNED_UNASSIGNED,ABSENT,VER-002-001 §5
IAP-EV-001,PACKAGE,PLANNED_UNASSIGNED,ABSENT,VER-002-001 §5
IAP-EV-001,RUNTIME,PLANNED_UNASSIGNED,ABSENT,VER-002-001 §5
IAP-EV-001,TEST,PLANNED_UNASSIGNED,ABSENT,VER-002-001 §5
IAP-EV-002,FAULT,PLANNED_UNASSIGNED,ABSENT,VER-002-001 §5
IAP-EV-002,RUNTIME,PLANNED_UNASSIGNED,ABSENT,VER-002-001 §5
IAP-EV-003,PACKAGE,PLANNED_UNASSIGNED,ABSENT,VER-002-001 §5
IAP-EV-003,RUNTIME,PLANNED_UNASSIGNED,ABSENT,VER-002-001 §5
IAP-EV-003,TEST,PLANNED_UNASSIGNED,ABSENT,VER-002-001 §5
IAP-EV-004,PACKAGE,PLANNED_UNASSIGNED,ABSENT,VER-002-001 §5
IAP-EV-004,RUNTIME,PLANNED_UNASSIGNED,ABSENT,VER-002-001 §5
IAP-EV-004,TEST,PLANNED_UNASSIGNED,ABSENT,VER-002-001 §5
IAP-EV-005,FAULT,PLANNED_UNASSIGNED,ABSENT,VER-002-001 §5
IAP-EV-005,RUNTIME,PLANNED_UNASSIGNED,ABSENT,VER-002-001 §5
IAP-EV-006,FAULT,PLANNED_UNASSIGNED,ABSENT,VER-002-001 §5
IAP-EV-006,RUNTIME,PLANNED_UNASSIGNED,ABSENT,VER-002-001 §5
IAP-EV-007,PACKAGE,PLANNED_UNASSIGNED,ABSENT,VER-002-001 §5
IAP-EV-007,RUNTIME,PLANNED_UNASSIGNED,ABSENT,VER-002-001 §5
IAP-EV-007,TEST,PLANNED_UNASSIGNED,ABSENT,VER-002-001 §5
IAP-EV-008,FAULT,PLANNED_UNASSIGNED,ABSENT,VER-002-001 §5
IAP-EV-008,RUNTIME,PLANNED_UNASSIGNED,ABSENT,VER-002-001 §5
IAP-EV-009,PACKAGE,PLANNED_UNASSIGNED,ABSENT,VER-002-001 §5
IAP-EV-009,RUNTIME,PLANNED_UNASSIGNED,ABSENT,VER-002-001 §5
IAP-EV-009,TEST,PLANNED_UNASSIGNED,ABSENT,VER-002-001 §5
IAP-EV-010,FAULT,PLANNED_UNASSIGNED,ABSENT,VER-002-001 §5
IAP-EV-010,RUNTIME,PLANNED_UNASSIGNED,ABSENT,VER-002-001 §5
IAP-EV-011,PACKAGE,PLANNED_UNASSIGNED,ABSENT,VER-002-001 §5
IAP-EV-011,RUNTIME,PLANNED_UNASSIGNED,ABSENT,VER-002-001 §5
IAP-EV-011,TEST,PLANNED_UNASSIGNED,ABSENT,VER-002-001 §5
IAP-EV-012,FAULT,PLANNED_UNASSIGNED,ABSENT,VER-002-001 §5
IAP-EV-012,RUNTIME,PLANNED_UNASSIGNED,ABSENT,VER-002-001 §5
CUR-EV-001,PACKAGE,PLANNED_UNASSIGNED,ABSENT,VER-002-001 §5
CUR-EV-001,RUNTIME,PLANNED_UNASSIGNED,ABSENT,VER-002-001 §5
CUR-EV-001,TEST,PLANNED_UNASSIGNED,ABSENT,VER-002-001 §5
CUR-EV-002,FAULT,PLANNED_UNASSIGNED,ABSENT,VER-002-001 §5
CUR-EV-002,RUNTIME,PLANNED_UNASSIGNED,ABSENT,VER-002-001 §5
CUR-EV-003,FAULT,PLANNED_UNASSIGNED,ABSENT,VER-002-001 §5
CUR-EV-003,RUNTIME,PLANNED_UNASSIGNED,ABSENT,VER-002-001 §5
CUR-EV-004,FAULT,PLANNED_UNASSIGNED,ABSENT,VER-002-001 §5
CUR-EV-004,RUNTIME,PLANNED_UNASSIGNED,ABSENT,VER-002-001 §5
CUR-EV-005,RUNTIME,PLANNED_UNASSIGNED,ABSENT,VER-002-001 §5
CUR-EV-006,RUNTIME,PLANNED_UNASSIGNED,ABSENT,VER-002-001 §5
CUR-EV-007,FAULT,PLANNED_UNASSIGNED,ABSENT,VER-002-001 §5
CUR-EV-007,RUNTIME,PLANNED_UNASSIGNED,ABSENT,VER-002-001 §5
CUR-EV-008,FAULT,PLANNED_UNASSIGNED,ABSENT,VER-002-001 §5
CUR-EV-008,RUNTIME,PLANNED_UNASSIGNED,ABSENT,VER-002-001 §5
CUR-EV-009,FAULT,PLANNED_UNASSIGNED,ABSENT,VER-002-001 §5
CUR-EV-009,RUNTIME,PLANNED_UNASSIGNED,ABSENT,VER-002-001 §5
CUR-EV-010,FAULT,PLANNED_UNASSIGNED,ABSENT,VER-002-001 §5
CUR-EV-010,RUNTIME,PLANNED_UNASSIGNED,ABSENT,VER-002-001 §5
CUR-EV-011,FAULT,PLANNED_UNASSIGNED,ABSENT,VER-002-001 §5
CUR-EV-011,RUNTIME,PLANNED_UNASSIGNED,ABSENT,VER-002-001 §5
CUR-EV-012,FAULT,PLANNED_UNASSIGNED,ABSENT,VER-002-001 §5
CUR-EV-012,RUNTIME,PLANNED_UNASSIGNED,ABSENT,VER-002-001 §5
RLP-EV-001,PACKAGE,PLANNED_UNASSIGNED,ABSENT,VER-002-001 §5
RLP-EV-001,RUNTIME,PLANNED_UNASSIGNED,ABSENT,VER-002-001 §5
RLP-EV-001,TEST,PLANNED_UNASSIGNED,ABSENT,VER-002-001 §5
RLP-EV-002,FAULT,PLANNED_UNASSIGNED,ABSENT,VER-002-001 §5
RLP-EV-002,RUNTIME,PLANNED_UNASSIGNED,ABSENT,VER-002-001 §5
RLP-EV-003,FAULT,PLANNED_UNASSIGNED,ABSENT,VER-002-001 §5
RLP-EV-003,RUNTIME,PLANNED_UNASSIGNED,ABSENT,VER-002-001 §5
RLP-EV-004,RUNTIME,PLANNED_UNASSIGNED,ABSENT,VER-002-001 §5
RLP-EV-005,PACKAGE,PLANNED_UNASSIGNED,ABSENT,VER-002-001 §5
RLP-EV-005,RUNTIME,PLANNED_UNASSIGNED,ABSENT,VER-002-001 §5
RLP-EV-005,TEST,PLANNED_UNASSIGNED,ABSENT,VER-002-001 §5
RLP-EV-006,PACKAGE,PLANNED_UNASSIGNED,ABSENT,VER-002-001 §5
RLP-EV-006,RUNTIME,PLANNED_UNASSIGNED,ABSENT,VER-002-001 §5
RLP-EV-006,TEST,PLANNED_UNASSIGNED,ABSENT,VER-002-001 §5
RLP-EV-007,FAULT,PLANNED_UNASSIGNED,ABSENT,VER-002-001 §5
RLP-EV-007,RUNTIME,PLANNED_UNASSIGNED,ABSENT,VER-002-001 §5
RLP-EV-008,FAULT,PLANNED_UNASSIGNED,ABSENT,VER-002-001 §5
RLP-EV-008,RUNTIME,PLANNED_UNASSIGNED,ABSENT,VER-002-001 §5
RLP-EV-009,FAULT,PLANNED_UNASSIGNED,ABSENT,VER-002-001 §5
RLP-EV-009,RUNTIME,PLANNED_UNASSIGNED,ABSENT,VER-002-001 §5
RLP-EV-010,FAULT,PLANNED_UNASSIGNED,ABSENT,VER-002-001 §5
RLP-EV-010,RUNTIME,PLANNED_UNASSIGNED,ABSENT,VER-002-001 §5
RLP-EV-011,FAULT,PLANNED_UNASSIGNED,ABSENT,VER-002-001 §5
RLP-EV-011,RUNTIME,PLANNED_UNASSIGNED,ABSENT,VER-002-001 §5
RLP-EV-012,PACKAGE,PLANNED_UNASSIGNED,ABSENT,VER-002-001 §5
RLP-EV-012,RUNTIME,PLANNED_UNASSIGNED,ABSENT,VER-002-001 §5
RLP-EV-012,TEST,PLANNED_UNASSIGNED,ABSENT,VER-002-001 §5
WDR-EV-001,PACKAGE,PLANNED_UNASSIGNED,ABSENT,VER-002-001 §5
WDR-EV-001,RUNTIME,PLANNED_UNASSIGNED,ABSENT,VER-002-001 §5
WDR-EV-001,TEST,PLANNED_UNASSIGNED,ABSENT,VER-002-001 §5
WDR-EV-002,PACKAGE,PLANNED_UNASSIGNED,ABSENT,VER-002-001 §5
WDR-EV-002,RUNTIME,PLANNED_UNASSIGNED,ABSENT,VER-002-001 §5
WDR-EV-002,TEST,PLANNED_UNASSIGNED,ABSENT,VER-002-001 §5
WDR-EV-003,FAULT,PLANNED_UNASSIGNED,ABSENT,VER-002-001 §5
WDR-EV-003,RUNTIME,PLANNED_UNASSIGNED,ABSENT,VER-002-001 §5
WDR-EV-004,FAULT,PLANNED_UNASSIGNED,ABSENT,VER-002-001 §5
WDR-EV-004,RUNTIME,PLANNED_UNASSIGNED,ABSENT,VER-002-001 §5
WDR-EV-005,FAULT,PLANNED_UNASSIGNED,ABSENT,VER-002-001 §5
WDR-EV-005,RUNTIME,PLANNED_UNASSIGNED,ABSENT,VER-002-001 §5
WDR-EV-006,RUNTIME,PLANNED_UNASSIGNED,ABSENT,VER-002-001 §5
WDR-EV-007,PACKAGE,PLANNED_UNASSIGNED,ABSENT,VER-002-001 §5
WDR-EV-007,RUNTIME,PLANNED_UNASSIGNED,ABSENT,VER-002-001 §5
WDR-EV-007,TEST,PLANNED_UNASSIGNED,ABSENT,VER-002-001 §5
WDR-EV-008,FAULT,PLANNED_UNASSIGNED,ABSENT,VER-002-001 §5
WDR-EV-008,RUNTIME,PLANNED_UNASSIGNED,ABSENT,VER-002-001 §5
WDR-EV-009,FAULT,PLANNED_UNASSIGNED,ABSENT,VER-002-001 §5
WDR-EV-009,RUNTIME,PLANNED_UNASSIGNED,ABSENT,VER-002-001 §5
WDR-EV-010,PACKAGE,PLANNED_UNASSIGNED,ABSENT,VER-002-001 §5
WDR-EV-010,RUNTIME,PLANNED_UNASSIGNED,ABSENT,VER-002-001 §5
WDR-EV-010,TEST,PLANNED_UNASSIGNED,ABSENT,VER-002-001 §5
WDR-EV-011,FAULT,PLANNED_UNASSIGNED,ABSENT,VER-002-001 §5
WDR-EV-011,RUNTIME,PLANNED_UNASSIGNED,ABSENT,VER-002-001 §5
WDR-EV-012,PACKAGE,PLANNED_UNASSIGNED,ABSENT,VER-002-001 §5
WDR-EV-012,RUNTIME,PLANNED_UNASSIGNED,ABSENT,VER-002-001 §5
WDR-EV-012,TEST,PLANNED_UNASSIGNED,ABSENT,VER-002-001 §5
SIR-EV-001,PACKAGE,PLANNED_UNASSIGNED,ABSENT,VER-002-001 §5
SIR-EV-001,RUNTIME,PLANNED_UNASSIGNED,ABSENT,VER-002-001 §5
SIR-EV-001,TEST,PLANNED_UNASSIGNED,ABSENT,VER-002-001 §5
SIR-EV-002,PACKAGE,PLANNED_UNASSIGNED,ABSENT,VER-002-001 §5
SIR-EV-002,RUNTIME,PLANNED_UNASSIGNED,ABSENT,VER-002-001 §5
SIR-EV-002,TEST,PLANNED_UNASSIGNED,ABSENT,VER-002-001 §5
SIR-EV-003,FAULT,PLANNED_UNASSIGNED,ABSENT,VER-002-001 §5
SIR-EV-003,RUNTIME,PLANNED_UNASSIGNED,ABSENT,VER-002-001 §5
SIR-EV-004,RUNTIME,PLANNED_UNASSIGNED,ABSENT,VER-002-001 §5
SIR-EV-005,FAULT,PLANNED_UNASSIGNED,ABSENT,VER-002-001 §5
SIR-EV-005,RUNTIME,PLANNED_UNASSIGNED,ABSENT,VER-002-001 §5
SIR-EV-006,FAULT,PLANNED_UNASSIGNED,ABSENT,VER-002-001 §5
SIR-EV-006,RUNTIME,PLANNED_UNASSIGNED,ABSENT,VER-002-001 §5
SIR-EV-007,RUNTIME,PLANNED_UNASSIGNED,ABSENT,VER-002-001 §5
SIR-EV-008,RUNTIME,PLANNED_UNASSIGNED,ABSENT,VER-002-001 §5
SIR-EV-009,PACKAGE,PLANNED_UNASSIGNED,ABSENT,VER-002-001 §5
SIR-EV-009,RUNTIME,PLANNED_UNASSIGNED,ABSENT,VER-002-001 §5
SIR-EV-009,TEST,PLANNED_UNASSIGNED,ABSENT,VER-002-001 §5
SIR-EV-010,FAULT,PLANNED_UNASSIGNED,ABSENT,VER-002-001 §5
SIR-EV-010,RUNTIME,PLANNED_UNASSIGNED,ABSENT,VER-002-001 §5
SIR-EV-011,FAULT,PLANNED_UNASSIGNED,ABSENT,VER-002-001 §5
SIR-EV-011,RUNTIME,PLANNED_UNASSIGNED,ABSENT,VER-002-001 §5
SIR-EV-012,FAULT,PLANNED_UNASSIGNED,ABSENT,VER-002-001 §5
SIR-EV-012,RUNTIME,PLANNED_UNASSIGNED,ABSENT,VER-002-001 §5
STM-EV-001,PACKAGE,PLANNED_UNASSIGNED,ABSENT,VER-002-001 §5
STM-EV-001,RUNTIME,PLANNED_UNASSIGNED,ABSENT,VER-002-001 §5
STM-EV-001,TEST,PLANNED_UNASSIGNED,ABSENT,VER-002-001 §5
STM-EV-002,FAULT,PLANNED_UNASSIGNED,ABSENT,VER-002-001 §5
STM-EV-002,RUNTIME,PLANNED_UNASSIGNED,ABSENT,VER-002-001 §5
STM-EV-003,FAULT,PLANNED_UNASSIGNED,ABSENT,VER-002-001 §5
STM-EV-003,RUNTIME,PLANNED_UNASSIGNED,ABSENT,VER-002-001 §5
STM-EV-004,FAULT,PLANNED_UNASSIGNED,ABSENT,VER-002-001 §5
STM-EV-004,RUNTIME,PLANNED_UNASSIGNED,ABSENT,VER-002-001 §5
STM-EV-005,PACKAGE,PLANNED_UNASSIGNED,ABSENT,VER-002-001 §5
STM-EV-005,RUNTIME,PLANNED_UNASSIGNED,ABSENT,VER-002-001 §5
STM-EV-005,TEST,PLANNED_UNASSIGNED,ABSENT,VER-002-001 §5
STM-EV-006,FAULT,PLANNED_UNASSIGNED,ABSENT,VER-002-001 §5
STM-EV-006,RUNTIME,PLANNED_UNASSIGNED,ABSENT,VER-002-001 §5
STM-EV-007,FAULT,PLANNED_UNASSIGNED,ABSENT,VER-002-001 §5
STM-EV-007,RUNTIME,PLANNED_UNASSIGNED,ABSENT,VER-002-001 §5
STM-EV-008,FAULT,PLANNED_UNASSIGNED,ABSENT,VER-002-001 §5
STM-EV-008,RUNTIME,PLANNED_UNASSIGNED,ABSENT,VER-002-001 §5
STM-EV-009,RUNTIME,PLANNED_UNASSIGNED,ABSENT,VER-002-001 §5
STM-EV-010,FAULT,PLANNED_UNASSIGNED,ABSENT,VER-002-001 §5
STM-EV-010,RUNTIME,PLANNED_UNASSIGNED,ABSENT,VER-002-001 §5
STM-EV-011,RUNTIME,PLANNED_UNASSIGNED,ABSENT,VER-002-001 §5
STM-EV-012,FAULT,PLANNED_UNASSIGNED,ABSENT,VER-002-001 §5
STM-EV-012,RUNTIME,PLANNED_UNASSIGNED,ABSENT,VER-002-001 §5
SCI-EV-001,PACKAGE,PLANNED_UNASSIGNED,ABSENT,VER-002-001 §5
SCI-EV-001,RUNTIME,PLANNED_UNASSIGNED,ABSENT,VER-002-001 §5
SCI-EV-001,TEST,PLANNED_UNASSIGNED,ABSENT,VER-002-001 §5
SCI-EV-002,FAULT,PLANNED_UNASSIGNED,ABSENT,VER-002-001 §5
SCI-EV-002,PACKAGE,PLANNED_UNASSIGNED,ABSENT,VER-002-001 §5
SCI-EV-002,RUNTIME,PLANNED_UNASSIGNED,ABSENT,VER-002-001 §5
SCI-EV-002,TEST,PLANNED_UNASSIGNED,ABSENT,VER-002-001 §5
SCI-EV-003,FAULT,PLANNED_UNASSIGNED,ABSENT,VER-002-001 §5
SCI-EV-003,PACKAGE,PLANNED_UNASSIGNED,ABSENT,VER-002-001 §5
SCI-EV-003,RUNTIME,PLANNED_UNASSIGNED,ABSENT,VER-002-001 §5
SCI-EV-003,TEST,PLANNED_UNASSIGNED,ABSENT,VER-002-001 §5
SCI-EV-004,FAULT,PLANNED_UNASSIGNED,ABSENT,VER-002-001 §5
SCI-EV-004,RUNTIME,PLANNED_UNASSIGNED,ABSENT,VER-002-001 §5
SCI-EV-005,FAULT,PLANNED_UNASSIGNED,ABSENT,VER-002-001 §5
SCI-EV-005,RUNTIME,PLANNED_UNASSIGNED,ABSENT,VER-002-001 §5
SCI-EV-006,PACKAGE,PLANNED_UNASSIGNED,ABSENT,VER-002-001 §5
SCI-EV-006,RUNTIME,PLANNED_UNASSIGNED,ABSENT,VER-002-001 §5
SCI-EV-006,TEST,PLANNED_UNASSIGNED,ABSENT,VER-002-001 §5
SCI-EV-007,FAULT,PLANNED_UNASSIGNED,ABSENT,VER-002-001 §5
SCI-EV-007,RUNTIME,PLANNED_UNASSIGNED,ABSENT,VER-002-001 §5
SCI-EV-008,FAULT,PLANNED_UNASSIGNED,ABSENT,VER-002-001 §5
SCI-EV-008,RUNTIME,PLANNED_UNASSIGNED,ABSENT,VER-002-001 §5
SCI-EV-009,FAULT,PLANNED_UNASSIGNED,ABSENT,VER-002-001 §5
SCI-EV-009,RUNTIME,PLANNED_UNASSIGNED,ABSENT,VER-002-001 §5
SCI-EV-010,RUNTIME,PLANNED_UNASSIGNED,ABSENT,VER-002-001 §5
SCI-EV-011,FAULT,PLANNED_UNASSIGNED,ABSENT,VER-002-001 §5
SCI-EV-011,RUNTIME,PLANNED_UNASSIGNED,ABSENT,VER-002-001 §5
SCI-EV-012,FAULT,PLANNED_UNASSIGNED,ABSENT,VER-002-001 §5
SCI-EV-012,RUNTIME,PLANNED_UNASSIGNED,ABSENT,VER-002-001 §5
PTF-EV-001,FAULT,PLANNED_UNASSIGNED,ABSENT,VER-002-001 §5
PTF-EV-001,PACKAGE,PLANNED_UNASSIGNED,ABSENT,VER-002-001 §5
PTF-EV-001,RUNTIME,PLANNED_UNASSIGNED,ABSENT,VER-002-001 §5
PTF-EV-001,TEST,PLANNED_UNASSIGNED,ABSENT,VER-002-001 §5
PTF-EV-002,FAULT,PLANNED_UNASSIGNED,ABSENT,VER-002-001 §5
PTF-EV-002,PACKAGE,PLANNED_UNASSIGNED,ABSENT,VER-002-001 §5
PTF-EV-002,RUNTIME,PLANNED_UNASSIGNED,ABSENT,VER-002-001 §5
PTF-EV-002,TEST,PLANNED_UNASSIGNED,ABSENT,VER-002-001 §5
PTF-EV-003,FAULT,PLANNED_UNASSIGNED,ABSENT,VER-002-001 §5
PTF-EV-003,RUNTIME,PLANNED_UNASSIGNED,ABSENT,VER-002-001 §5
PTF-EV-004,FAULT,PLANNED_UNASSIGNED,ABSENT,VER-002-001 §5
PTF-EV-004,PACKAGE,PLANNED_UNASSIGNED,ABSENT,VER-002-001 §5
PTF-EV-004,RUNTIME,PLANNED_UNASSIGNED,ABSENT,VER-002-001 §5
PTF-EV-004,TEST,PLANNED_UNASSIGNED,ABSENT,VER-002-001 §5
PTF-EV-005,FAULT,PLANNED_UNASSIGNED,ABSENT,VER-002-001 §5
PTF-EV-005,RUNTIME,PLANNED_UNASSIGNED,ABSENT,VER-002-001 §5
PTF-EV-006,FAULT,PLANNED_UNASSIGNED,ABSENT,VER-002-001 §5
PTF-EV-006,PACKAGE,PLANNED_UNASSIGNED,ABSENT,VER-002-001 §5
PTF-EV-006,RUNTIME,PLANNED_UNASSIGNED,ABSENT,VER-002-001 §5
PTF-EV-006,TEST,PLANNED_UNASSIGNED,ABSENT,VER-002-001 §5
PTF-EV-007,FAULT,PLANNED_UNASSIGNED,ABSENT,VER-002-001 §5
PTF-EV-007,RUNTIME,PLANNED_UNASSIGNED,ABSENT,VER-002-001 §5
PTF-EV-008,FAULT,PLANNED_UNASSIGNED,ABSENT,VER-002-001 §5
PTF-EV-008,PACKAGE,PLANNED_UNASSIGNED,ABSENT,VER-002-001 §5
PTF-EV-008,RUNTIME,PLANNED_UNASSIGNED,ABSENT,VER-002-001 §5
PTF-EV-008,TEST,PLANNED_UNASSIGNED,ABSENT,VER-002-001 §5
PTF-EV-009,FAULT,PLANNED_UNASSIGNED,ABSENT,VER-002-001 §5
PTF-EV-009,RUNTIME,PLANNED_UNASSIGNED,ABSENT,VER-002-001 §5
PTF-EV-010,FAULT,PLANNED_UNASSIGNED,ABSENT,VER-002-001 §5
PTF-EV-010,RUNTIME,PLANNED_UNASSIGNED,ABSENT,VER-002-001 §5
PTF-EV-011,RUNTIME,PLANNED_UNASSIGNED,ABSENT,VER-002-001 §5
PTF-EV-012,FAULT,PLANNED_UNASSIGNED,ABSENT,VER-002-001 §5
PTF-EV-012,RUNTIME,PLANNED_UNASSIGNED,ABSENT,VER-002-001 §5
HAG-EV-013,FAULT,PLANNED_UNASSIGNED,ABSENT,VER-002-001 §5
HAG-EV-013,RUNTIME,PLANNED_UNASSIGNED,ABSENT,VER-002-001 §5
HAG-EV-014,FAULT,PLANNED_UNASSIGNED,ABSENT,VER-002-001 §5
HAG-EV-014,RUNTIME,PLANNED_UNASSIGNED,ABSENT,VER-002-001 §5
HAG-EV-015,FAULT,PLANNED_UNASSIGNED,ABSENT,VER-002-001 §5
HAG-EV-015,RUNTIME,PLANNED_UNASSIGNED,ABSENT,VER-002-001 §5
HAG-EV-016,FAULT,PLANNED_UNASSIGNED,ABSENT,VER-002-001 §5
HAG-EV-016,RUNTIME,PLANNED_UNASSIGNED,ABSENT,VER-002-001 §5
HAG-EV-017,FAULT,PLANNED_UNASSIGNED,ABSENT,VER-002-001 §5
HAG-EV-017,RUNTIME,PLANNED_UNASSIGNED,ABSENT,VER-002-001 §5
HAG-EV-018,FAULT,PLANNED_UNASSIGNED,ABSENT,VER-002-001 §5
HAG-EV-018,RUNTIME,PLANNED_UNASSIGNED,ABSENT,VER-002-001 §5
EGRESS-EV-013,RUNTIME,PLANNED_UNASSIGNED,ABSENT,VER-002-001 §5
PRD-EV-001,PACKAGE,PLANNED_UNASSIGNED,ABSENT,VER-002-001 §5
PRD-EV-001,RUNTIME,PLANNED_UNASSIGNED,ABSENT,VER-002-001 §5
PRD-EV-001,TEST,PLANNED_UNASSIGNED,ABSENT,VER-002-001 §5
PRD-EV-002,PACKAGE,PLANNED_UNASSIGNED,ABSENT,VER-002-001 §5
PRD-EV-002,RUNTIME,PLANNED_UNASSIGNED,ABSENT,VER-002-001 §5
PRD-EV-002,TEST,PLANNED_UNASSIGNED,ABSENT,VER-002-001 §5
DCE-EV-001,PACKAGE,PLANNED_UNASSIGNED,ABSENT,VER-002-001 §5
DCE-EV-001,TEST,PLANNED_UNASSIGNED,ABSENT,VER-002-001 §5
DCE-EV-002,PACKAGE,PLANNED_UNASSIGNED,ABSENT,VER-002-001 §5
DCE-EV-002,TEST,PLANNED_UNASSIGNED,ABSENT,VER-002-001 §5
DCE-EV-003,PACKAGE,PLANNED_UNASSIGNED,ABSENT,VER-002-001 §5
DCE-EV-003,TEST,PLANNED_UNASSIGNED,ABSENT,VER-002-001 §5
DCE-EV-004,PACKAGE,PLANNED_UNASSIGNED,ABSENT,VER-002-001 §5
DCE-EV-004,TEST,PLANNED_UNASSIGNED,ABSENT,VER-002-001 §5
DCE-EV-005,PACKAGE,PLANNED_UNASSIGNED,ABSENT,VER-002-001 §5
DCE-EV-005,TEST,PLANNED_UNASSIGNED,ABSENT,VER-002-001 §5
DCE-EV-006,PACKAGE,PLANNED_UNASSIGNED,ABSENT,VER-002-001 §5
DCE-EV-006,TEST,PLANNED_UNASSIGNED,ABSENT,VER-002-001 §5
DCE-EV-007,PACKAGE,PLANNED_UNASSIGNED,ABSENT,VER-002-001 §5
DCE-EV-007,TEST,PLANNED_UNASSIGNED,ABSENT,VER-002-001 §5
ARI-EV-001,PACKAGE,PLANNED_UNASSIGNED,ABSENT,VER-002-001 §5
ARI-EV-001,TEST,PLANNED_UNASSIGNED,ABSENT,VER-002-001 §5
ARI-EV-002,PACKAGE,PLANNED_UNASSIGNED,ABSENT,VER-002-001 §5
ARI-EV-002,TEST,PLANNED_UNASSIGNED,ABSENT,VER-002-001 §5
ARI-EV-003,PACKAGE,PLANNED_UNASSIGNED,ABSENT,VER-002-001 §5
ARI-EV-003,TEST,PLANNED_UNASSIGNED,ABSENT,VER-002-001 §5
ARI-EV-004,PACKAGE,PLANNED_UNASSIGNED,ABSENT,VER-002-001 §5
ARI-EV-004,TEST,PLANNED_UNASSIGNED,ABSENT,VER-002-001 §5
ARI-EV-005,PACKAGE,PLANNED_UNASSIGNED,ABSENT,VER-002-001 §5
ARI-EV-005,TEST,PLANNED_UNASSIGNED,ABSENT,VER-002-001 §5
ARI-EV-006,PACKAGE,PLANNED_UNASSIGNED,ABSENT,VER-002-001 §5
ARI-EV-006,TEST,PLANNED_UNASSIGNED,ABSENT,VER-002-001 §5
EXV-EV-001,PACKAGE,PLANNED_UNASSIGNED,ABSENT,VER-002-001 §5
EXV-EV-001,TEST,PLANNED_UNASSIGNED,ABSENT,VER-002-001 §5
EXV-EV-002,PACKAGE,PLANNED_UNASSIGNED,ABSENT,VER-002-001 §5
EXV-EV-002,TEST,PLANNED_UNASSIGNED,ABSENT,VER-002-001 §5
EXV-EV-003,PACKAGE,PLANNED_UNASSIGNED,ABSENT,VER-002-001 §5
EXV-EV-003,TEST,PLANNED_UNASSIGNED,ABSENT,VER-002-001 §5
EXV-EV-004,PACKAGE,PLANNED_UNASSIGNED,ABSENT,VER-002-001 §5
EXV-EV-004,TEST,PLANNED_UNASSIGNED,ABSENT,VER-002-001 §5
EXV-EV-005,PACKAGE,PLANNED_UNASSIGNED,ABSENT,VER-002-001 §5
EXV-EV-005,TEST,PLANNED_UNASSIGNED,ABSENT,VER-002-001 §5
EXV-EV-006,PACKAGE,PLANNED_UNASSIGNED,ABSENT,VER-002-001 §5
EXV-EV-006,TEST,PLANNED_UNASSIGNED,ABSENT,VER-002-001 §5
APA-EV-001,PACKAGE,PLANNED_UNASSIGNED,ABSENT,VER-002-001 §5
APA-EV-001,TEST,PLANNED_UNASSIGNED,ABSENT,VER-002-001 §5
APA-EV-002,PACKAGE,PLANNED_UNASSIGNED,ABSENT,VER-002-001 §5
APA-EV-002,TEST,PLANNED_UNASSIGNED,ABSENT,VER-002-001 §5
APA-EV-003,PACKAGE,PLANNED_UNASSIGNED,ABSENT,VER-002-001 §5
APA-EV-003,TEST,PLANNED_UNASSIGNED,ABSENT,VER-002-001 §5
APA-EV-004,PACKAGE,PLANNED_UNASSIGNED,ABSENT,VER-002-001 §5
APA-EV-004,TEST,PLANNED_UNASSIGNED,ABSENT,VER-002-001 §5
APA-EV-005,PACKAGE,PLANNED_UNASSIGNED,ABSENT,VER-002-001 §5
APA-EV-005,TEST,PLANNED_UNASSIGNED,ABSENT,VER-002-001 §5
APA-EV-006,PACKAGE,PLANNED_UNASSIGNED,ABSENT,VER-002-001 §5
APA-EV-006,TEST,PLANNED_UNASSIGNED,ABSENT,VER-002-001 §5
APA-EV-007,PACKAGE,PLANNED_UNASSIGNED,ABSENT,VER-002-001 §5
APA-EV-007,TEST,PLANNED_UNASSIGNED,ABSENT,VER-002-001 §5
AIR-EV-001,PACKAGE,PLANNED_UNASSIGNED,ABSENT,VER-002-001 §5
AIR-EV-001,REVIEWER,PLANNED_UNASSIGNED,ABSENT,VER-002-001 §5
AIR-EV-001,TEST,PLANNED_UNASSIGNED,ABSENT,VER-002-001 §5
AIR-EV-002,PACKAGE,PLANNED_UNASSIGNED,ABSENT,VER-002-001 §5
AIR-EV-002,REVIEWER,PLANNED_UNASSIGNED,ABSENT,VER-002-001 §5
AIR-EV-002,TEST,PLANNED_UNASSIGNED,ABSENT,VER-002-001 §5
AIR-EV-003,PACKAGE,PLANNED_UNASSIGNED,ABSENT,VER-002-001 §5
AIR-EV-003,REVIEWER,PLANNED_UNASSIGNED,ABSENT,VER-002-001 §5
AIR-EV-003,TEST,PLANNED_UNASSIGNED,ABSENT,VER-002-001 §5
AIR-EV-004,PACKAGE,PLANNED_UNASSIGNED,ABSENT,VER-002-001 §5
AIR-EV-004,REVIEWER,PLANNED_UNASSIGNED,ABSENT,VER-002-001 §5
AIR-EV-004,TEST,PLANNED_UNASSIGNED,ABSENT,VER-002-001 §5
AIR-EV-005,PACKAGE,PLANNED_UNASSIGNED,ABSENT,VER-002-001 §5
AIR-EV-005,REVIEWER,PLANNED_UNASSIGNED,ABSENT,VER-002-001 §5
AIR-EV-005,TEST,PLANNED_UNASSIGNED,ABSENT,VER-002-001 §5
BFA-EV-001,PACKAGE,PLANNED_UNASSIGNED,ABSENT,VER-002-001 §5
BFA-EV-001,REVIEWER,PLANNED_UNASSIGNED,ABSENT,VER-002-001 §5
BFA-EV-001,TEST,PLANNED_UNASSIGNED,ABSENT,VER-002-001 §5
BFA-EV-002,PACKAGE,PLANNED_UNASSIGNED,ABSENT,VER-002-001 §5
BFA-EV-002,REVIEWER,PLANNED_UNASSIGNED,ABSENT,VER-002-001 §5
BFA-EV-002,TEST,PLANNED_UNASSIGNED,ABSENT,VER-002-001 §5
BFA-EV-003,PACKAGE,PLANNED_UNASSIGNED,ABSENT,VER-002-001 §5
BFA-EV-003,REVIEWER,PLANNED_UNASSIGNED,ABSENT,VER-002-001 §5
BFA-EV-003,TEST,PLANNED_UNASSIGNED,ABSENT,VER-002-001 §5
BFA-EV-004,PACKAGE,PLANNED_UNASSIGNED,ABSENT,VER-002-001 §5
BFA-EV-004,REVIEWER,PLANNED_UNASSIGNED,ABSENT,VER-002-001 §5
BFA-EV-004,TEST,PLANNED_UNASSIGNED,ABSENT,VER-002-001 §5
BFA-EV-005,PACKAGE,PLANNED_UNASSIGNED,ABSENT,VER-002-001 §5
BFA-EV-005,REVIEWER,PLANNED_UNASSIGNED,ABSENT,VER-002-001 §5
BFA-EV-005,TEST,PLANNED_UNASSIGNED,ABSENT,VER-002-001 §5
BFA-EV-006,PACKAGE,PLANNED_UNASSIGNED,ABSENT,VER-002-001 §5
BFA-EV-006,REVIEWER,PLANNED_UNASSIGNED,ABSENT,VER-002-001 §5
BFA-EV-006,TEST,PLANNED_UNASSIGNED,ABSENT,VER-002-001 §5
BFA-EV-007,PACKAGE,PLANNED_UNASSIGNED,ABSENT,VER-002-001 §5
BFA-EV-007,REVIEWER,PLANNED_UNASSIGNED,ABSENT,VER-002-001 §5
BFA-EV-007,TEST,PLANNED_UNASSIGNED,ABSENT,VER-002-001 §5
SOS-EV-001,PACKAGE,PLANNED_UNASSIGNED,ABSENT,VER-002-001 §5
SOS-EV-001,TEST,PLANNED_UNASSIGNED,ABSENT,VER-002-001 §5
SOS-EV-002,PACKAGE,PLANNED_UNASSIGNED,ABSENT,VER-002-001 §5
SOS-EV-002,TEST,PLANNED_UNASSIGNED,ABSENT,VER-002-001 §5
SOS-EV-003,PACKAGE,PLANNED_UNASSIGNED,ABSENT,VER-002-001 §5
SOS-EV-003,TEST,PLANNED_UNASSIGNED,ABSENT,VER-002-001 §5
SOS-EV-004,PACKAGE,PLANNED_UNASSIGNED,ABSENT,VER-002-001 §5
SOS-EV-004,TEST,PLANNED_UNASSIGNED,ABSENT,VER-002-001 §5
SOS-EV-005,PACKAGE,PLANNED_UNASSIGNED,ABSENT,VER-002-001 §5
SOS-EV-005,TEST,PLANNED_UNASSIGNED,ABSENT,VER-002-001 §5
SOS-EV-006,PACKAGE,PLANNED_UNASSIGNED,ABSENT,VER-002-001 §5
SOS-EV-006,TEST,PLANNED_UNASSIGNED,ABSENT,VER-002-001 §5
DCM-EV-001,PACKAGE,PLANNED_UNASSIGNED,ABSENT,VER-002-001 §5
DCM-EV-001,TEST,PLANNED_UNASSIGNED,ABSENT,VER-002-001 §5
DCM-EV-002,PACKAGE,PLANNED_UNASSIGNED,ABSENT,VER-002-001 §5
DCM-EV-002,TEST,PLANNED_UNASSIGNED,ABSENT,VER-002-001 §5
DCM-EV-003,PACKAGE,PLANNED_UNASSIGNED,ABSENT,VER-002-001 §5
DCM-EV-003,TEST,PLANNED_UNASSIGNED,ABSENT,VER-002-001 §5
DCM-EV-004,PACKAGE,PLANNED_UNASSIGNED,ABSENT,VER-002-001 §5
DCM-EV-004,TEST,PLANNED_UNASSIGNED,ABSENT,VER-002-001 §5
DCM-EV-005,PACKAGE,PLANNED_UNASSIGNED,ABSENT,VER-002-001 §5
DCM-EV-005,TEST,PLANNED_UNASSIGNED,ABSENT,VER-002-001 §5
CEV-EV-001,PACKAGE,PLANNED_UNASSIGNED,ABSENT,VER-002-001 §5
CEV-EV-001,TEST,PLANNED_UNASSIGNED,ABSENT,VER-002-001 §5
CEV-EV-002,PACKAGE,PLANNED_UNASSIGNED,ABSENT,VER-002-001 §5
CEV-EV-002,TEST,PLANNED_UNASSIGNED,ABSENT,VER-002-001 §5
CEV-EV-003,PACKAGE,PLANNED_UNASSIGNED,ABSENT,VER-002-001 §5
CEV-EV-003,TEST,PLANNED_UNASSIGNED,ABSENT,VER-002-001 §5
CEV-EV-004,PACKAGE,PLANNED_UNASSIGNED,ABSENT,VER-002-001 §5
CEV-EV-004,TEST,PLANNED_UNASSIGNED,ABSENT,VER-002-001 §5
CEV-EV-005,PACKAGE,PLANNED_UNASSIGNED,ABSENT,VER-002-001 §5
CEV-EV-005,TEST,PLANNED_UNASSIGNED,ABSENT,VER-002-001 §5
CEV-EV-006,PACKAGE,PLANNED_UNASSIGNED,ABSENT,VER-002-001 §5
CEV-EV-006,TEST,PLANNED_UNASSIGNED,ABSENT,VER-002-001 §5
BTE-EV-001,PACKAGE,PLANNED_UNASSIGNED,ABSENT,VER-002-001 §5
BTE-EV-001,TEST,PLANNED_UNASSIGNED,ABSENT,VER-002-001 §5
BTE-EV-002,PACKAGE,PLANNED_UNASSIGNED,ABSENT,VER-002-001 §5
BTE-EV-002,TEST,PLANNED_UNASSIGNED,ABSENT,VER-002-001 §5
BTE-EV-003,PACKAGE,PLANNED_UNASSIGNED,ABSENT,VER-002-001 §5
BTE-EV-003,TEST,PLANNED_UNASSIGNED,ABSENT,VER-002-001 §5
BTE-EV-004,PACKAGE,PLANNED_UNASSIGNED,ABSENT,VER-002-001 §5
BTE-EV-004,TEST,PLANNED_UNASSIGNED,ABSENT,VER-002-001 §5
BTE-EV-005,PACKAGE,PLANNED_UNASSIGNED,ABSENT,VER-002-001 §5
BTE-EV-005,TEST,PLANNED_UNASSIGNED,ABSENT,VER-002-001 §5
BTE-EV-006,PACKAGE,PLANNED_UNASSIGNED,ABSENT,VER-002-001 §5
BTE-EV-006,TEST,PLANNED_UNASSIGNED,ABSENT,VER-002-001 §5
BTE-EV-007,PACKAGE,PLANNED_UNASSIGNED,ABSENT,VER-002-001 §5
BTE-EV-007,TEST,PLANNED_UNASSIGNED,ABSENT,VER-002-001 §5
TAB-EV-001,PACKAGE,PLANNED_UNASSIGNED,ABSENT,VER-002-001 §5
TAB-EV-001,TEST,PLANNED_UNASSIGNED,ABSENT,VER-002-001 §5
TAB-EV-002,PACKAGE,PLANNED_UNASSIGNED,ABSENT,VER-002-001 §5
TAB-EV-002,TEST,PLANNED_UNASSIGNED,ABSENT,VER-002-001 §5
TAB-EV-003,PACKAGE,PLANNED_UNASSIGNED,ABSENT,VER-002-001 §5
TAB-EV-003,TEST,PLANNED_UNASSIGNED,ABSENT,VER-002-001 §5
TAB-EV-004,PACKAGE,PLANNED_UNASSIGNED,ABSENT,VER-002-001 §5
TAB-EV-004,TEST,PLANNED_UNASSIGNED,ABSENT,VER-002-001 §5
TAB-EV-005,PACKAGE,PLANNED_UNASSIGNED,ABSENT,VER-002-001 §5
TAB-EV-005,TEST,PLANNED_UNASSIGNED,ABSENT,VER-002-001 §5
TAB-EV-006,PACKAGE,PLANNED_UNASSIGNED,ABSENT,VER-002-001 §5
TAB-EV-006,TEST,PLANNED_UNASSIGNED,ABSENT,VER-002-001 §5
TAB-EV-007,PACKAGE,PLANNED_UNASSIGNED,ABSENT,VER-002-001 §5
TAB-EV-007,TEST,PLANNED_UNASSIGNED,ABSENT,VER-002-001 §5
RRC-EV-001,PACKAGE,PLANNED_UNASSIGNED,ABSENT,VER-002-001 §5
RRC-EV-001,TEST,PLANNED_UNASSIGNED,ABSENT,VER-002-001 §5
RRC-EV-002,PACKAGE,PLANNED_UNASSIGNED,ABSENT,VER-002-001 §5
RRC-EV-002,TEST,PLANNED_UNASSIGNED,ABSENT,VER-002-001 §5
RRC-EV-003,PACKAGE,PLANNED_UNASSIGNED,ABSENT,VER-002-001 §5
RRC-EV-003,TEST,PLANNED_UNASSIGNED,ABSENT,VER-002-001 §5
RRC-EV-004,PACKAGE,PLANNED_UNASSIGNED,ABSENT,VER-002-001 §5
RRC-EV-004,TEST,PLANNED_UNASSIGNED,ABSENT,VER-002-001 §5
RRC-EV-005,PACKAGE,PLANNED_UNASSIGNED,ABSENT,VER-002-001 §5
RRC-EV-005,TEST,PLANNED_UNASSIGNED,ABSENT,VER-002-001 §5
RRC-EV-006,PACKAGE,PLANNED_UNASSIGNED,ABSENT,VER-002-001 §5
RRC-EV-006,TEST,PLANNED_UNASSIGNED,ABSENT,VER-002-001 §5
OPB-EV-001,PACKAGE,PLANNED_UNASSIGNED,ABSENT,VER-002-001 §5
OPB-EV-001,TEST,PLANNED_UNASSIGNED,ABSENT,VER-002-001 §5
OPB-EV-002,PACKAGE,PLANNED_UNASSIGNED,ABSENT,VER-002-001 §5
OPB-EV-002,TEST,PLANNED_UNASSIGNED,ABSENT,VER-002-001 §5
OPB-EV-003,PACKAGE,PLANNED_UNASSIGNED,ABSENT,VER-002-001 §5
OPB-EV-003,TEST,PLANNED_UNASSIGNED,ABSENT,VER-002-001 §5
OPB-EV-004,PACKAGE,PLANNED_UNASSIGNED,ABSENT,VER-002-001 §5
OPB-EV-004,TEST,PLANNED_UNASSIGNED,ABSENT,VER-002-001 §5
OPB-EV-005,PACKAGE,PLANNED_UNASSIGNED,ABSENT,VER-002-001 §5
OPB-EV-005,TEST,PLANNED_UNASSIGNED,ABSENT,VER-002-001 §5
OBS-EV-001,PACKAGE,PLANNED_UNASSIGNED,ABSENT,VER-002-001 §5
OBS-EV-001,TEST,PLANNED_UNASSIGNED,ABSENT,VER-002-001 §5
OBS-EV-002,PACKAGE,PLANNED_UNASSIGNED,ABSENT,VER-002-001 §5
OBS-EV-002,TEST,PLANNED_UNASSIGNED,ABSENT,VER-002-001 §5
OBS-EV-003,PACKAGE,PLANNED_UNASSIGNED,ABSENT,VER-002-001 §5
OBS-EV-003,TEST,PLANNED_UNASSIGNED,ABSENT,VER-002-001 §5
OBS-EV-004,PACKAGE,PLANNED_UNASSIGNED,ABSENT,VER-002-001 §5
OBS-EV-004,TEST,PLANNED_UNASSIGNED,ABSENT,VER-002-001 §5
OBS-EV-005,PACKAGE,PLANNED_UNASSIGNED,ABSENT,VER-002-001 §5
OBS-EV-005,TEST,PLANNED_UNASSIGNED,ABSENT,VER-002-001 §5
OBS-EV-006,PACKAGE,PLANNED_UNASSIGNED,ABSENT,VER-002-001 §5
OBS-EV-006,TEST,PLANNED_UNASSIGNED,ABSENT,VER-002-001 §5
OAS-EV-001,PACKAGE,PLANNED_UNASSIGNED,ABSENT,VER-002-001 §5
OAS-EV-001,TEST,PLANNED_UNASSIGNED,ABSENT,VER-002-001 §5
OAS-EV-002,PACKAGE,PLANNED_UNASSIGNED,ABSENT,VER-002-001 §5
OAS-EV-002,TEST,PLANNED_UNASSIGNED,ABSENT,VER-002-001 §5
OAS-EV-003,PACKAGE,PLANNED_UNASSIGNED,ABSENT,VER-002-001 §5
OAS-EV-003,TEST,PLANNED_UNASSIGNED,ABSENT,VER-002-001 §5
OAS-EV-004,PACKAGE,PLANNED_UNASSIGNED,ABSENT,VER-002-001 §5
OAS-EV-004,TEST,PLANNED_UNASSIGNED,ABSENT,VER-002-001 §5
OAS-EV-005,PACKAGE,PLANNED_UNASSIGNED,ABSENT,VER-002-001 §5
OAS-EV-005,TEST,PLANNED_UNASSIGNED,ABSENT,VER-002-001 §5
OAS-EV-006,PACKAGE,PLANNED_UNASSIGNED,ABSENT,VER-002-001 §5
OAS-EV-006,TEST,PLANNED_UNASSIGNED,ABSENT,VER-002-001 §5
DEC-EV-001,REVIEWER,PLANNED_UNASSIGNED,ABSENT,VER-002-001 §5
DEC-EV-002,REVIEWER,PLANNED_UNASSIGNED,ABSENT,VER-002-001 §5
DEC-EV-003,REVIEWER,PLANNED_UNASSIGNED,ABSENT,VER-002-001 §5
DEC-EV-004,REVIEWER,PLANNED_UNASSIGNED,ABSENT,VER-002-001 §5
DEC-EV-005,REVIEWER,PLANNED_UNASSIGNED,ABSENT,VER-002-001 §5
TEST-EV-001,REVIEWER,PLANNED_UNASSIGNED,ABSENT,VER-002-001 §5
ECO-EV-001,PACKAGE,PLANNED_UNASSIGNED,ABSENT,VER-002-001 §5
ECO-EV-001,TEST,PLANNED_UNASSIGNED,ABSENT,VER-002-001 §5
ECO-EV-002,FAULT,PLANNED_UNASSIGNED,ABSENT,VER-002-001 §5
ECO-EV-002,RUNTIME,PLANNED_UNASSIGNED,ABSENT,VER-002-001 §5
ECO-EV-003,FAULT,PLANNED_UNASSIGNED,ABSENT,VER-002-001 §5
ECO-EV-003,PACKAGE,PLANNED_UNASSIGNED,ABSENT,VER-002-001 §5
ECO-EV-003,TEST,PLANNED_UNASSIGNED,ABSENT,VER-002-001 §5
ECO-EV-004,FAULT,PLANNED_UNASSIGNED,ABSENT,VER-002-001 §5
ECO-EV-004,PACKAGE,PLANNED_UNASSIGNED,ABSENT,VER-002-001 §5
ECO-EV-004,TEST,PLANNED_UNASSIGNED,ABSENT,VER-002-001 §5
ECO-EV-005,FAULT,PLANNED_UNASSIGNED,ABSENT,VER-002-001 §5
ECO-EV-005,PACKAGE,PLANNED_UNASSIGNED,ABSENT,VER-002-001 §5
ECO-EV-005,TEST,PLANNED_UNASSIGNED,ABSENT,VER-002-001 §5
ECO-EV-006,FAULT,PLANNED_UNASSIGNED,ABSENT,VER-002-001 §5
ECO-EV-006,PACKAGE,PLANNED_UNASSIGNED,ABSENT,VER-002-001 §5
ECO-EV-006,TEST,PLANNED_UNASSIGNED,ABSENT,VER-002-001 §5
ECO-EV-007,RUNTIME,PLANNED_UNASSIGNED,ABSENT,VER-002-001 §5
ECO-EV-008,FAULT,PLANNED_UNASSIGNED,ABSENT,VER-002-001 §5
ECO-EV-008,PACKAGE,PLANNED_UNASSIGNED,ABSENT,VER-002-001 §5
ECO-EV-008,RUNTIME,PLANNED_UNASSIGNED,ABSENT,VER-002-001 §5
ECO-EV-008,TEST,PLANNED_UNASSIGNED,ABSENT,VER-002-001 §5
ECO-EV-009,FAULT,PLANNED_UNASSIGNED,ABSENT,VER-002-001 §5
ECO-EV-009,PACKAGE,PLANNED_UNASSIGNED,ABSENT,VER-002-001 §5
ECO-EV-009,RUNTIME,PLANNED_UNASSIGNED,ABSENT,VER-002-001 §5
ECO-EV-009,TEST,PLANNED_UNASSIGNED,ABSENT,VER-002-001 §5
ECO-EV-010,FAULT,PLANNED_UNASSIGNED,ABSENT,VER-002-001 §5
ECO-EV-010,PACKAGE,PLANNED_UNASSIGNED,ABSENT,VER-002-001 §5
ECO-EV-010,RUNTIME,PLANNED_UNASSIGNED,ABSENT,VER-002-001 §5
ECO-EV-010,TEST,PLANNED_UNASSIGNED,ABSENT,VER-002-001 §5
ECO-EV-011,FAULT,PLANNED_UNASSIGNED,ABSENT,VER-002-001 §5
ECO-EV-011,PACKAGE,PLANNED_UNASSIGNED,ABSENT,VER-002-001 §5
ECO-EV-011,RUNTIME,PLANNED_UNASSIGNED,ABSENT,VER-002-001 §5
ECO-EV-011,TEST,PLANNED_UNASSIGNED,ABSENT,VER-002-001 §5
IOM-EV-001,PACKAGE,PLANNED_UNASSIGNED,ABSENT,VER-002-001 §5
IOM-EV-001,REVIEWER,PLANNED_UNASSIGNED,ABSENT,VER-002-001 §5
IOM-EV-001,TEST,PLANNED_UNASSIGNED,ABSENT,VER-002-001 §5
IOM-EV-002,FAULT,PLANNED_UNASSIGNED,ABSENT,VER-002-001 §5
IOM-EV-002,PACKAGE,PLANNED_UNASSIGNED,ABSENT,VER-002-001 §5
IOM-EV-002,TEST,PLANNED_UNASSIGNED,ABSENT,VER-002-001 §5
IOM-EV-003,FAULT,PLANNED_UNASSIGNED,ABSENT,VER-002-001 §5
IOM-EV-003,PACKAGE,PLANNED_UNASSIGNED,ABSENT,VER-002-001 §5
IOM-EV-003,RUNTIME,PLANNED_UNASSIGNED,ABSENT,VER-002-001 §5
IOM-EV-003,TEST,PLANNED_UNASSIGNED,ABSENT,VER-002-001 §5
IOM-EV-004,FAULT,PLANNED_UNASSIGNED,ABSENT,VER-002-001 §5
IOM-EV-004,RUNTIME,PLANNED_UNASSIGNED,ABSENT,VER-002-001 §5
IOM-EV-005,FAULT,PLANNED_UNASSIGNED,ABSENT,VER-002-001 §5
IOM-EV-005,RUNTIME,PLANNED_UNASSIGNED,ABSENT,VER-002-001 §5
IOM-EV-006,FAULT,PLANNED_UNASSIGNED,ABSENT,VER-002-001 §5
IOM-EV-006,RUNTIME,PLANNED_UNASSIGNED,ABSENT,VER-002-001 §5
IOM-EV-007,FAULT,PLANNED_UNASSIGNED,ABSENT,VER-002-001 §5
IOM-EV-007,RUNTIME,PLANNED_UNASSIGNED,ABSENT,VER-002-001 §5
